timestamp,open,high,low,close,volume
2026-01-01 00:00:00,100.32489729210695,100.25757632071787,100.15976521232892,100.24835707650561,4382.154120592515
2026-01-01 01:00:00,100.28656619616108,100.29318642484208,100.04231800929381,100.17922492592002,6198.921964594063
2026-01-01 02:00:00,100.55293818618392,100.6617086416282,100.39727521332779,100.50306919497037,4947.928159663933
2026-01-01 03:00:00,101.07033435407821,101.6533528889084,101.1193837050485,101.26458412317439,1156.1133416834614
2026-01-01 04:00:00,101.13196519255993,101.40316274826608,100.96892246688382,101.14750743581271,9945.97960072304
2026-01-01 05:00:00,100.91486819984642,101.09689080042813,100.74672350870499,101.03043895733812,5891.862139575138
2026-01-01 06:00:00,101.79978478780001,102.06864899403358,101.65216126896239,101.82004536509181,5262.676799361486
2026-01-01 07:00:00,102.30176315328166,102.24903233077444,102.16232530034523,102.20376272966827,9591.556343536486
2026-01-01 08:00:00,101.9995406202883,102.2772946420895,101.65501875205128,101.9690255367008,2402.743308283694
2026-01-01 09:00:00,102.35511464513353,102.393193093312,102.1240145718553,102.24030555849379,2703.138422907234
2026-01-01 10:00:00,102.0427721041589,102.19923309321364,101.81446875479801,102.00859671208755,8272.132741565052
2026-01-01 11:00:00,101.64589924133553,102.10831150005664,101.53107818460835,101.77573183530242,3347.479720225079
2026-01-01 12:00:00,101.64462827042816,101.967996614227,101.67675192924516,101.89671297108544,8193.043956623742
2026-01-01 13:00:00,100.95495372492451,101.00036103024524,100.6306548940044,100.94007284875654,3443.801346176523
2026-01-01 14:00:00,100.05622128586491,100.21925399986543,99.82971361816075,100.07761393250003,1298.6886720250134
2026-01-01 15:00:00,99.69877559394135,100.10030805298146,99.68260112584925,99.79647016787953,5653.132514980444
2026-01-01 16:00:00,99.11999188274719,99.33812000016464,98.87219839031316,99.29005460771232,2770.1779071417523
2026-01-01 17:00:00,99.37370395266268,99.53039383382101,99.22774492767613,99.44717827400996,7820.616636392239
2026-01-01 18:00:00,98.97371708776288,99.14805035040845,98.8079002589115,98.99316623624935,6770.796699089333
2026-01-01 19:00:00,98.35360216795235,98.5421884655728,97.99062184327616,98.28701438558171,9312.42401180126
2026-01-01 20:00:00,99.03870187819928,99.33986494501637,98.79489367544947,99.01983877004248,8046.895215391623
2026-01-01 21:00:00,99.0677573445165,99.06063448359068,98.66702780050528,98.90695061979922,2626.9835935665415
2026-01-01 22:00:00,98.83715431653864,99.09957206143159,98.49149632228311,98.94071472214318,8201.424129983166
2026-01-01 23:00:00,98.3164465182422,98.54373070246203,98.05585277186195,98.22834062903645,6775.633403326209
2026-01-02 00:00:00,97.96087914108674,97.96917509680432,97.7879253561756,97.95614926677386,7020.564775845624
2026-01-02 01:00:00,98.08107747404065,98.1727584841105,97.79995271042755,98.0116105616288,8490.36597373134
2026-01-02 02:00:00,97.3924622865911,97.65515616191016,97.12896217935955,97.43611377291765,6164.4166227004625
2026-01-02 03:00:00,97.73113081947953,97.86888465421897,97.57461618510952,97.62396278209047,5194.031629177116
2026-01-02 04:00:00,97.35316591296561,97.472662767812,97.32019902627873,97.32364343713108,6729.769318228552
2026-01-02 05:00:00,97.10985206374266,97.38124066340502,97.03650808929645,97.17779656223443,3681.6168606252318
2026-01-02 06:00:00,96.87574085322842,96.92577599146104,96.84033555202568,96.87694325611974,2643.374179783894
2026-01-02 07:00:00,97.77912676248049,97.93725750714081,97.64556548312677,97.8030823483742,6549.290542641217
2026-01-02 08:00:00,97.84525157106901,98.04168460726069,97.54608376639231,97.79633373600524,3104.635321769299
2026-01-02 09:00:00,97.14950059658985,97.36924886810182,97.15655315788253,97.2674782715273,1719.2359841194605
2026-01-02 10:00:00,97.67581555736732,97.88464914973785,97.62143338525702,97.67875072757889,1004.9876612672853
2026-01-02 11:00:00,97.10785962785832,97.31301615267365,96.86139518642184,97.06832890259338,6474.874612600604
2026-01-02 12:00:00,97.17606303081506,97.33850578000997,96.88650635163424,97.17276070009575,4259.339051322131
2026-01-02 13:00:00,96.32761976259476,96.40997201525553,96.16242298200753,96.19292563815587,7770.798736061104
2026-01-02 14:00:00,95.60623489111376,95.6325593571782,95.24680937387606,95.52883261370665,4376.587584817922
2026-01-02 15:00:00,95.62651515196714,95.80660210367161,95.34553261126737,95.62726323164121,5374.031034144041
2026-01-02 16:00:00,96.01816543138868,96.25751813859785,95.70108801142325,95.99649652163892,4663.764755338464
2026-01-02 17:00:00,96.11174721738209,96.29787795833074,95.76033264074673,96.0821806622339,6855.173119984115
2026-01-02 18:00:00,96.06468648145646,96.16570339408338,95.60415512857382,96.02435652103978,4205.252458134713
2026-01-02 19:00:00,95.69123887367867,96.09622631367421,95.70941387810704,95.87380467324513,9673.90884948078
2026-01-02 20:00:00,95.10439104848449,95.40600465712508,94.92358652005363,95.13454367806142,9425.322879386771
2026-01-02 21:00:00,94.62617766704473,94.77961570172181,94.61626541718887,94.77462157386407,8632.251123915532
2026-01-02 22:00:00,94.67213028313013,94.86020959487976,94.3441045039086,94.54430218838418,9282.702435154733
2026-01-02 23:00:00,95.06677834949335,95.23923782762553,94.71957596593,95.07286330149364,5042.257196134519
2026-01-03 00:00:00,95.2253383513099,95.48722143960188,95.17917389467092,95.24467244627786,5827.873571105429
2026-01-03 01:00:00,94.45283210179983,94.68287706096102,94.24925733581306,94.3631523685965,7678.8333330242
2026-01-03 02:00:00,94.56742683303888,94.58802698357086,94.18747625964345,94.5251943532939,7265.31332444687
2026-01-03 03:00:00,94.21978976164782,94.46170911284298,94.03064956239552,94.33265321308573,9016.107360449238
2026-01-03 04:00:00,93.98710167668003,94.16533734334519,93.83050537761447,93.99419221293276,7446.979245310257
2026-01-03 05:00:00,94.26651366003055,94.42165500524075,94.01459015724112,94.3000303573532,9980.962374056146
2026-01-03 06:00:00,94.64107682974057,95.18902377618485,94.58140853435197,94.81553011860117,4136.552198484319
2026-01-03 07:00:00,95.21214255483555,95.3954929687766,94.93114271725918,95.28117017815927,8496.979680154762
2026-01-03 08:00:00,94.8432073843463,95.00600673859925,94.65411045716526,94.86156141654794,7278.713405493978
2026-01-03 09:00:00,94.69546013547316,94.92739413178263,94.40439201723508,94.70695522862233,7222.478006935167
2026-01-03 10:00:00,94.7243638019564,94.95237199171652,94.40838575327487,94.87258694432413,3932.5203536049903
2026-01-03 11:00:00,95.47552606619006,95.52079143670969,95.10054959238056,95.3603595078853,8070.416131807203
2026-01-03 12:00:00,95.1105620830735,95.35251771508767,94.91583957238316,95.12077238896265,9103.384201128392
2026-01-03 13:00:00,95.0316982082968,95.1946568601925,94.75569820210865,95.02794290063075,2966.9361536850665
2026-01-03 14:00:00,94.51483957746173,94.66543672773774,94.31130349944813,94.47477541362774,6629.471534050337
2026-01-03 15:00:00,93.79786447619703,94.02373889034257,93.43787533103493,93.8766721015874,4529.213461924976
2026-01-03 16:00:00,94.32857061009776,94.33148798186642,94.0649279090149,94.28293501278449,9905.933073653894
2026-01-03 17:00:00,94.92434756246809,95.19321434820382,94.78834835909245,94.9610550270699,5309.495342485135
2026-01-03 18:00:00,94.83539141221503,95.30054327344446,94.80861886678174,94.92504996627974,3054.881564172484
2026-01-03 19:00:00,95.4841611645613,95.6286565783041,95.11709439606511,95.42681641522576,4436.718626996493
2026-01-03 20:00:00,95.75680181362975,95.83016083947433,95.3209156864668,95.60763442774957,6884.545508349636
2026-01-03 21:00:00,95.35755748779559,95.55434682595869,95.13480998758841,95.285074550447,1684.8043421461864
2026-01-03 22:00:00,95.55807010971526,95.53883930354655,95.20812721868897,95.46577235320122,6432.417281991138
2026-01-03 23:00:00,96.18272757577797,96.60504210224715,96.18564623325548,96.2347906364342,9381.022832610082
2026-01-04 00:00:00,96.05711564396239,96.43711049652151,95.99838055937191,96.21687761687923,8653.265088920654
2026-01-04 01:00:00,97.14821319699621,97.36238513469515,96.75392380957855,96.99919944478623,1609.0618299218504
2026-01-04 02:00:00,95.89477838168183,95.81602359318894,95.31859391178543,95.68932689274135,9940.508908651613
2026-01-04 03:00:00,96.25455882230594,96.48208433718474,95.97736002520183,96.10027814492896,7288.542313334912
2026-01-04 04:00:00,96.11022308515008,96.42131722845153,96.07163694192829,96.14380167904805,2460.5274188262133
2026-01-04 05:00:00,95.87883456994223,96.24960201240036,95.88384079990762,95.99429800381512,1111.7448025248113
2026-01-04 06:00:00,95.9336101223009,96.26358083751818,95.97383524211436,96.04017839208286,2541.543726629362
2026-01-04 07:00:00,94.87802067802103,95.22154107297499,94.71272819900653,95.04639393478243,8543.583286171646
2026-01-04 08:00:00,94.92582012902265,95.25661115671105,94.58169406136126,94.93655799086366,1194.7539245064736
2026-01-04 09:00:00,95.27568207242778,95.32915026360435,94.88309261882465,95.11511427661954,3098.325732562779
2026-01-04 10:00:00,95.83989503580308,95.85735432863159,95.53193180442179,95.8540612989903,7815.750358013878
2026-01-04 11:00:00,95.62515847988831,95.68320754368278,95.38153035179546,95.59492618985348,6274.994823083216
2026-01-04 12:00:00,95.32823908483729,95.3720948131876,95.00019055317695,95.19067938840688,8044.621393241727
2026-01-04 13:00:00,94.89939133543137,95.17080076493117,94.77310462851999,94.93980086661462,7715.354534441091
2026-01-04 14:00:00,95.60105507113761,95.59184307657566,95.2285410246034,95.39750192546565,1455.4124840962427
2026-01-04 15:00:00,95.76108692104523,95.88377455927485,95.51665763592639,95.5618774802955,9032.602771847363
2026-01-04 16:00:00,95.28388624454392,95.30188719200811,95.07057190205124,95.29699737841197,3043.2865085404183
2026-01-04 17:00:00,95.49587766856673,95.76798988861917,95.35766448599006,95.55363109496865,5980.531962067874
2026-01-04 18:00:00,95.67189367428169,95.62037194710395,95.32763379723488,95.60216986964267,6798.593408750009
2026-01-04 19:00:00,96.05173987065723,96.36246359445754,95.87714001526525,96.08649236490912,2517.6538979658585
2026-01-04 20:00:00,95.61981029626371,95.92601994652624,95.55173618812735,95.73546581797044,9786.08131030877
2026-01-04 21:00:00,95.69975861002385,95.81359574187397,95.45875404767231,95.57163474467156,5393.403604785781
2026-01-04 22:00:00,95.49722540683318,95.48919237204649,95.1683653444233,95.37558066810547,1518.784260376541
2026-01-04 23:00:00,94.65937435441577,94.97176968720518,94.3699994709578,94.64382319403941,9435.358403000564
2026-01-05 00:00:00,94.66559685719888,95.09605579897759,94.70621723168009,94.7918833325717,6276.410588739413
2026-01-05 01:00:00,94.79945834353991,95.18076539896283,94.71366359329357,94.92241096866165,7292.738781832387
2026-01-05 02:00:00,94.93569062582479,95.11201597229653,94.70166340182993,94.92496769698288,5726.582109408017
2026-01-05 03:00:00,94.7576870268448,95.06565985882483,94.67948060865714,94.80767413029531,8512.641592992708
2026-01-05 04:00:00,94.06587946605595,94.22929950247136,93.9587743897609,94.0999887592701,1298.201159738898
2026-01-05 05:00:00,93.99186241339342,94.17522166378949,93.6666050130108,93.88966609788741,3415.40528749433
2026-01-05 06:00:00,93.79162677136628,94.08325692905642,93.63165094145329,93.71830883962403,5226.83520762423
2026-01-05 07:00:00,93.45498447306299,93.62423126101115,93.08217783348829,93.31717020501323,1689.4325468233903
2026-01-05 08:00:00,93.13746502684249,93.36356710219948,93.12606278654614,93.23652734918022,7353.160023939924
2026-01-05 09:00:00,93.40423362071881,93.6746945093148,93.13226740828416,93.43855277758749,4542.970726500766
2026-01-05 10:00:00,94.45754389773876,94.45233157381689,93.94786295365392,94.38164572819275,3454.011912413296
2026-01-05 11:00:00,94.51374246870996,94.72617366572624,94.35501031477885,94.46893463460867,1030.4096212757104
2026-01-05 12:00:00,94.75094786822882,94.8427701712563,94.34428904373259,94.59770982997006,7478.472805749583
2026-01-05 13:00:00,94.60254054267737,94.57350523813375,94.43316106257517,94.56048687208697,8504.283779855756
2026-01-05 14:00:00,93.78591217484801,93.68492288004622,93.29700584705766,93.60110126443745,4555.364821133486
2026-01-05 15:00:00,93.64184610688515,93.75953043703846,93.51437016762137,93.58784432671284,6077.96179330029
2026-01-05 16:00:00,93.72417617644223,93.78787345696928,93.36990075584059,93.61795943168336,3049.179633366386
2026-01-05 17:00:00,94.81722899324755,94.92863279438413,94.73687938461494,94.849580487926,6599.778816521198
2026-01-05 18:00:00,94.75482872672384,94.99229787847065,94.57409846444527,94.75340000553544,1109.2371248368047
2026-01-05 19:00:00,94.99526811708618,95.1293210375963,94.80727620421698,94.90417367670224,5397.795073888826
2026-01-05 20:00:00,95.04811560890893,95.06739087865176,94.60458274476005,94.88681779184962,6797.849336566231
2026-01-05 21:00:00,94.37540246797093,94.42689962302401,94.18617680848381,94.30247877303985,9263.725959067606
2026-01-05 22:00:00,94.8655730031039,95.17876089293902,94.61869375436419,94.87389018029737,4432.022354100558
2026-01-05 23:00:00,95.38759019959359,95.61539740794957,95.08426649946698,95.24985669664075,7886.711826829268
2026-01-06 00:00:00,95.42617480453428,95.79701652177762,95.45681990734217,95.64537267016227,6379.1832694915065
2026-01-06 01:00:00,95.04845549261422,95.32946225104942,94.97590335202489,95.1906789427649,9343.109016325725
2026-01-06 02:00:00,95.9602395205998,96.14119686477416,95.76825856539885,95.89207609823296,4585.399080934875
2026-01-06 03:00:00,95.19256140246212,95.3553476288621,94.97011385548272,95.19115056683681,3871.858058856892
2026-01-06 04:00:00,95.54513047884937,95.67063939367063,95.13154565730152,95.48457911373696,8984.277988247293
2026-01-06 05:00:00,96.58624767888513,96.8537722418144,96.45761640522521,96.57980692664194,1443.1996126746021
2026-01-06 06:00:00,96.14163333353699,96.09360315532587,95.76735774974921,96.0845387640766,2227.468536403091
2026-01-06 07:00:00,95.71994961717589,96.13322013176048,95.45158013592643,95.80138989927521,1741.6399112564
2026-01-06 08:00:00,95.908264190427,96.05848363425197,95.73283108072184,95.85121558181903,8587.989609187624
2026-01-06 09:00:00,95.69891920758168,95.75832844030471,95.54498321526998,95.59947775476093,1095.4668103328745
2026-01-06 10:00:00,94.94620109962099,95.01522262380573,94.5939499492107,94.82414603922787,8754.914399473433
2026-01-06 11:00:00,95.05978295609575,95.05467046213293,94.71316827890756,94.85842752663088,5061.410158341401
2026-01-06 12:00:00,94.35168551411807,94.35415553942333,93.94041534785153,94.32727566976783,1036.2275096857368
2026-01-06 13:00:00,94.59146299377014,94.91356570783074,94.36059113103543,94.56407188508541,4614.806594908377
2026-01-06 14:00:00,93.95204252155114,94.30849233119558,93.98457970877203,94.10435976796852,2681.20756940532
2026-01-06 15:00:00,94.82618583036344,95.12362718352202,94.79404292157845,94.87932697047728,6619.604387249467
2026-01-06 16:00:00,94.46839211690852,94.78285530136658,94.17870982840009,94.48770032430917,7114.229109294819
2026-01-06 17:00:00,94.43170152143396,94.4245533204503,94.18378796361475,94.32666956620633,5387.748133644998
2026-01-06 18:00:00,94.6723280624822,94.98077536479468,94.52904529494512,94.73342817489116,1364.6757289570296
2026-01-06 19:00:00,94.19763001864906,94.2912319075843,93.82241574216293,94.11799601667418,6905.159239304817
2026-01-06 20:00:00,94.23156381227992,94.5164030614979,94.08015181916933,94.23172598397625,8578.34905244969
2026-01-06 21:00:00,94.86758054960599,94.89802010315262,94.68989024399148,94.88529736111747,7482.918495937613
2026-01-06 22:00:00,94.10644514075017,94.27164631381272,93.88321258481909,94.08155574383684,8469.621270597867
2026-01-06 23:00:00,94.13475703587773,94.3135906075246,93.9055402219514,94.173872673103,2804.5857119579873
2026-01-07 00:00:00,94.26091034541795,94.54704036529064,94.04473963667618,94.30381407022722,8999.991456908343
2026-01-07 01:00:00,94.52424691553686,94.9417299248527,94.51673687924135,94.69472550611587,3899.741055831665
2026-01-07 02:00:00,94.05145472994404,94.20548756119463,93.86988524452718,94.07625015067683,1120.6433282679193
2026-01-07 03:00:00,93.36802502951981,93.54480445771709,93.25319974528703,93.41602184413469,8590.524816961637
2026-01-07 04:00:00,93.62539452800823,93.8659260900874,93.62475386763508,93.67699262694313,9476.391420682541
2026-01-07 05:00:00,93.86717226981874,93.9358207408282,93.59972487781992,93.82548496355973,6900.023776756139
2026-01-07 06:00:00,94.01659458401173,94.23492975827789,93.56151221264938,93.95073138873268,3082.929674170822
2026-01-07 07:00:00,94.1471749439454,94.28703477343642,94.01232740755027,94.12395549348116,3265.7001785427733
2026-01-07 08:00:00,93.88348465173686,93.87464195462408,93.66124610365219,93.78394313269192,5199.335860920575
2026-01-07 09:00:00,93.95762617385545,94.06258777561023,93.78714275843679,93.90006998127241,9080.479716412776
2026-01-07 10:00:00,94.01710059894118,94.14275183583734,93.77414704004944,94.04660621792175,2346.378905328025
2026-01-07 11:00:00,93.64314488033713,93.72630292736248,93.44458196348893,93.68943050890857,8433.763026251383
2026-01-07 12:00:00,94.65359998815764,94.6985751006587,94.4381715337226,94.62231776448095,3621.725278346353
2026-01-07 13:00:00,94.91661093592703,95.07017507212014,94.75103613110073,94.85923422493684,8277.275524861881
2026-01-07 14:00:00,94.40336690703866,94.59644655916034,94.05434479717152,94.26358247633551,9282.440778413848
2026-01-07 15:00:00,94.71097658514644,94.82317772803893,94.54832149338601,94.59185928065243,4847.444847948882
2026-01-07 16:00:00,94.05037114488806,94.2438681067172,93.89017578885303,94.10451844553877,4285.455886949778
2026-01-07 17:00:00,94.48786011939727,94.74365116692707,94.2109083088012,94.49806074741,8219.991870741716
2026-01-07 18:00:00,95.14446031740549,95.2314495058918,95.00247845057707,95.0773585369137,5765.345941414546
2026-01-07 19:00:00,94.77381715554375,94.79755734082154,94.62026920542081,94.66701737773785,7160.0414361687735
2026-01-07 20:00:00,95.24260238923048,95.23326917553672,94.79076165319053,95.14870544236001,6605.463132650616
2026-01-07 21:00:00,95.34870812254512,95.37991302515307,95.21627186977871,95.35509590582825,2375.999610803167
2026-01-07 22:00:00,95.64072372058264,95.92713361516955,95.45253120123111,95.7661259858255,8603.113242606056
2026-01-07 23:00:00,96.61462883952791,96.93032782614448,96.52992224367226,96.71452247715247,2761.9760027182256
2026-01-08 00:00:00,96.61909177058298,96.78216605214955,96.40802390084518,96.59182841915104,9390.539296637027
2026-01-08 01:00:00,96.24918289491472,96.37336364417756,95.97111906702263,96.2149603369723,3255.1416227993304
2026-01-08 02:00:00,95.66033518481609,95.87562851608985,95.65860300783417,95.77020312215953,7604.928759463677
2026-01-08 03:00:00,95.36675494076574,95.62312259884531,95.14904826532725,95.36229797967681,3561.898541442328
2026-01-08 04:00:00,95.38686956066694,95.3920339329751,95.16189606645217,95.32374712496976,3860.068677281775
2026-01-08 05:00:00,95.37920044662737,95.77192590376244,95.42637245671858,95.49432311237808,3790.0166750407475
2026-01-08 06:00:00,95.74316823222354,95.73244681015042,95.39892030457045,95.6326685120431,7731.03028623475
2026-01-08 07:00:00,96.00850702170511,96.1710166128258,95.8725909172489,96.0462601365611,6011.336061724538
2026-01-08 08:00:00,96.17852239375772,96.10608256343849,95.86846356534453,96.05276108250006,8946.572102627475
2026-01-08 09:00:00,96.72618287650113,96.92938790639015,96.70054421542012,96.77952812107871,3766.3544728364036
2026-01-08 10:00:00,96.54453715617132,96.94473095030753,96.28805966768346,96.64719970445974,7227.932698510699
2026-01-08 11:00:00,97.96147058877037,98.25884709659894,97.71961286911593,98.00728428775454,7776.537396967996
2026-01-08 12:00:00,98.31060314932932,98.61796017283986,98.02370237321985,98.32011796163705,2363.3390172696236
2026-01-08 13:00:00,97.85269119275175,98.1437534380223,97.72208365367307,97.8915391834289,4605.3042158783
2026-01-08 14:00:00,97.33449279224104,97.44572595154531,97.32901122334869,97.35609293439835,5345.3574491537
2026-01-08 15:00:00,97.63072565698756,97.76425021958718,97.20203740377099,97.59732914201994,4201.186509049369
2026-01-08 16:00:00,97.46847981237738,97.60757783644529,97.29170750015761,97.48559774935703,3899.013363722243
2026-01-08 17:00:00,97.83598675700787,98.17565548680697,97.71747797600507,97.84259799640307,7177.7790459787775
2026-01-08 18:00:00,97.90829416876957,98.1595379440472,97.83753665124152,98.07921680868984,2942.7975789353973
2026-01-08 19:00:00,98.08197215396245,98.33217212130032,97.72609027356107,98.0428023523614,7384.516707260159
2026-01-08 20:00:00,97.61048516355804,97.90870088033809,97.42171054893575,97.6194054933272,9415.397767516575
2026-01-08 21:00:00,97.02301117903257,97.24494390115588,96.53412436419033,96.86198188098427,6086.77769059976
2026-01-08 22:00:00,96.54476788822535,96.7977557456878,96.33042441109906,96.63872440495075,6502.908130655266
2026-01-08 23:00:00,96.88609426926254,97.33815601807052,96.97456192085271,97.0669238021125,1620.3943191168019
2026-01-09 00:00:00,97.2357775235706,97.60213585783148,97.04134968474354,97.1739706741776,8780.292132560455
2026-01-09 01:00:00,96.5857539866529,96.68933711712823,96.25534756849362,96.5511012848216,3569.0300847987896
2026-01-09 02:00:00,96.53684844569408,96.68418772299397,96.56643049136615,96.6376917477472,6535.460489757083
2026-01-09 03:00:00,96.6773755421112,96.84234943422084,96.6452960069281,96.83035043761161,9812.009527703221
2026-01-09 04:00:00,96.54216139257947,96.65969292239717,96.33150483967351,96.38842171951104,6359.52340515527
2026-01-09 05:00:00,96.6066953115445,96.47696925167796,96.31293965262716,96.46528427248381,7522.385387179398
2026-01-09 06:00:00,96.2456429558362,96.65715672641302,96.32427064060973,96.49438863170681,5007.876564013767
2026-01-09 07:00:00,95.87708117986585,96.16663480149539,95.75872792058225,95.9229034827915,1543.2925916355161
2026-01-09 08:00:00,96.26821636844403,96.32031471664862,95.9570232881769,96.10179716296564,8178.394145408097
2026-01-09 09:00:00,96.33458317037196,96.62473391256817,96.29190379111263,96.38218942614975,1314.989571375871
2026-01-09 10:00:00,96.87465382433473,97.14594403331748,96.49452392105552,96.92371504773739,7305.920459990687
2026-01-09 11:00:00,97.4223401409919,97.77850265508619,97.0638698733387,97.45061607375484,1206.2941583467325
2026-01-09 12:00:00,96.64969169239949,96.86654975170242,96.67798797180193,96.7617813897763,8760.747129190035
2026-01-09 13:00:00,96.12239129539593,96.42516935597288,95.93465719468837,96.29286886981873,2418.724322496825
2026-01-09 14:00:00,96.65564123449654,96.67312055889599,96.39033305247035,96.55038650342307,5628.44345898296
2026-01-09 15:00:00,96.6229857882544,97.09029866006543,96.59436073154599,96.80727947887917,6374.356340348326
2026-01-09 16:00:00,97.08953046724307,97.3548431808717,96.87113071802189,97.06480332203219,5117.908666360709
2026-01-09 17:00:00,99.07982701663532,99.2362915992914,98.85714393148494,98.99116906735955,4066.871404139985
2026-01-09 18:00:00,99.13149169281603,99.59496368939513,98.97822908834553,99.27661432270614,5210.3286656287455
2026-01-09 19:00:00,99.75197030253693,99.9265930560588,99.63180848973877,99.84439714279644,3802.7417849304284
2026-01-09 20:00:00,100.4427159433822,100.68812043569815,100.16905316686497,100.32139802454304,4943.101123727769
2026-01-09 21:00:00,100.70038282221864,100.99941751236717,100.57755259457599,100.64709365019594,4230.216918982276
2026-01-09 22:00:00,100.42773045718788,100.76302122760035,100.37881852924768,100.48945902787577,6095.843411564308
2026-01-09 23:00:00,100.98916853845851,101.24712352899951,100.83308164968261,100.8689436381224,3141.317460204851
2026-01-10 00:00:00,100.60318460319904,100.51686871008583,100.28130867601209,100.48253103085361,9897.908994226113
2026-01-10 01:00:00,100.39102699678517,100.51167691385734,100.28378828671205,100.3641217274836,5507.82958043949
2026-01-10 02:00:00,100.03142393078168,100.24790960750086,99.94799600482091,100.12143995356905,2747.458696730587
2026-01-10 03:00:00,100.12103215291505,100.43452495563795,99.82536683790119,100.16237702326222,5293.600746105452
2026-01-10 04:00:00,101.34834498099451,101.41469223263876,100.99977634930681,101.31970630659897,8797.736165723418
2026-01-10 05:00:00,100.36721422738835,100.66182322523684,100.18930139971336,100.3860737103031,1196.2611381195604
2026-01-10 06:00:00,100.82309952331384,101.06625741989002,100.53791227810467,100.72920380549036,7115.987071965599
2026-01-10 07:00:00,99.76986846188458,100.19236615990393,99.53485841495342,99.92284586989553,5931.710171145352
2026-01-10 08:00:00,99.53745358409418,99.91525503936695,99.43480432496494,99.68687993700081,2526.0219493312197
2026-01-10 09:00:00,100.24944234663275,100.33256790139443,100.06413588147215,100.2313552354845,8357.287953744286
2026-01-10 10:00:00,100.21434080365154,100.37881014841969,100.20609705674428,100.26349524503223,4319.961601366051
2026-01-10 11:00:00,99.6619179945978,100.04958474659723,99.48523553425109,99.72462285606757,3644.218259339567
2026-01-10 12:00:00,99.19016532952016,99.64490590182812,99.0840386241793,99.36697100143759,8453.12672671211
2026-01-10 13:00:00,99.70872446038474,99.90286792396716,99.56993502835628,99.70676987590493,6746.725415724982
2026-01-10 14:00:00,99.33631104924629,99.49979560546977,99.11246628453256,99.34158656004637,9084.33175307342
2026-01-10 15:00:00,99.51516375303252,99.45239664214849,99.28617318432886,99.44981585483735,6668.953333040795
2026-01-10 16:00:00,99.47949238810135,99.56551653292081,99.29100501470916,99.47260177478925,7667.358921389037
2026-01-10 17:00:00,99.1335411931623,99.53794350970033,99.09801939523011,99.14680160098635,8528.013066336516
2026-01-10 18:00:00,100.33647370932805,100.29072808854876,100.04095178602063,100.21877364564901,1492.6567231894321
2026-01-10 19:00:00,100.40448642646317,100.75468113893012,100.23879622656722,100.53573315680802,7984.440629824423
2026-01-10 20:00:00,99.57680078536397,99.82390626079874,99.38630211903588,99.52316186347922,6523.358336646191
2026-01-10 21:00:00,99.44927430438439,99.69089675406369,99.4111363840424,99.61638902086392,1625.570168636739
2026-01-10 22:00:00,99.20165960047966,99.50396683595784,99.16109085914893,99.28549578847974,5577.201296818435
2026-01-10 23:00:00,99.59044674261551,100.00550400962891,99.47566828824857,99.71171245587784,1742.1227018555849
2026-01-11 00:00:00,99.39364634020669,99.51670201885221,99.1371044064151,99.3154520866615,7623.524815509001
2026-01-11 01:00:00,99.2515428425685,99.74492417149472,99.15200801999625,99.25808386592804,5918.515425080947
2026-01-11 02:00:00,99.50922718095897,99.54371757953045,99.17732235865175,99.51057750541827,9582.161836710677
2026-01-11 03:00:00,99.83278180373038,100.24932795549172,99.65056190115011,99.94345510250334,2648.2183441459288
2026-01-11 04:00:00,99.31333754938215,99.5260267252358,99.20379757536826,99.34330689897544,6454.301072683406
2026-01-11 05:00:00,99.09970975072406,99.45324829653863,98.92627745011319,99.17605628105497,2904.239211134422
2026-01-11 06:00:00,98.97692912695992,99.18271434064442,98.68484242519246,98.9385836254745,6526.584862546585
2026-01-11 07:00:00,98.51280989565447,98.73860338947664,98.34768888568651,98.61191900918763,7503.847321247708
2026-01-11 08:00:00,99.6276255658487,99.71754576857413,99.4640717189277,99.49464612932819,7500.738963965848
2026-01-11 09:00:00,99.52957893984626,99.71134683966883,99.3964763307054,99.69713698480867,8335.665916143489
2026-01-11 10:00:00,98.98604302439549,99.32701975769828,98.92366490393371,99.06669500764114,8681.95205162485
2026-01-11 11:00:00,99.69334603216514,99.75544182776758,99.36140877451265,99.52562598116853,1695.4455364045934
2026-01-11 12:00:00,100.54319020487864,100.85057009653916,100.12291590444883,100.58670407967485,4089.404413651637
2026-01-11 13:00:00,100.97144884350998,101.40874854245912,100.87274937187831,101.10293670995041,7184.102683238251
2026-01-11 14:00:00,100.36515888322717,100.58001371099438,100.18188397451813,100.3432517269734,5487.276586520909
2026-01-11 15:00:00,100.05359546631884,100.31594363252012,100.08060525326471,100.10113469054029,2716.0835207931236
2026-01-11 16:00:00,100.65100323957176,100.84648343146746,100.39561385173896,100.73459026513359,5974.386131500281
2026-01-11 17:00:00,100.27116845124434,100.5095334559593,100.31527649940506,100.3807555323242,4666.920874895294
2026-01-11 18:00:00,100.87950260695992,100.92133870841505,100.50300913674727,100.60266524639732,4510.344498888746
2026-01-11 19:00:00,100.96482708309358,101.33361581368258,100.82311750302078,100.98998227311199,8287.783456920974
2026-01-11 20:00:00,100.33396030128966,100.70270599369174,100.18487585815292,100.52651703732295,4668.385004489632
2026-01-11 21:00:00,100.64612533519261,100.70135463401738,100.21943036062548,100.49675435929205,1238.0905493238174
2026-01-11 22:00:00,98.93722777976856,98.98565925175812,98.69190444024153,98.8761206892575,1522.5700500198216
2026-01-11 23:00:00,98.28728022548839,98.68120255311712,98.13309766222649,98.36392686859037,8706.196375224583
2026-01-12 00:00:00,98.14433088402517,98.50418447526296,98.0976813621809,98.23764279289378,9645.407290112691
2026-01-12 01:00:00,97.68109848152717,98.00787294555774,97.39978583295482,97.61375120191136,7195.684028101368
2026-01-12 02:00:00,98.40526502112824,98.54212454615922,98.22262317939938,98.42995685387719,4279.3146469007215
2026-01-12 03:00:00,97.52228838305236,97.87708537499505,97.41800917532873,97.71488616489687,9447.402842152547
2026-01-12 04:00:00,97.67358791800883,97.71800851380092,97.19814610930447,97.49486392154837,6965.227777381622
2026-01-12 05:00:00,97.51683516396982,97.82488316396399,97.31083647197084,97.56023421019141,8599.001942794039
2026-01-12 06:00:00,98.43042802837272,98.45930409096971,98.11710561047909,98.28087085472447,7892.670736333084
2026-01-12 07:00:00,97.69078327493132,97.67564367008939,97.28875754969575,97.56293977913475,4412.253841953332
2026-01-12 08:00:00,98.04442070076395,98.43266240810459,97.95371850183254,98.14452165521223,5308.31980765707
2026-01-12 09:00:00,98.25295717215835,98.42175172197659,98.05782962259335,98.14963818572203,2675.1893893128954
2026-01-12 10:00:00,97.59373960521168,97.76725645014167,97.49921263938914,97.65888386019805,3628.1269039666067
2026-01-12 11:00:00,97.70326553864929,98.22547987744024,97.68148289895124,97.88993559732968,8003.130951578695
2026-01-12 12:00:00,97.9470056285142,98.30648531603609,97.69844386674995,97.98946544511642,9045.805526947974
2026-01-12 13:00:00,97.72912075671465,97.9027866562618,97.50770982375273,97.68935700653702,7520.143809262706
2026-01-12 14:00:00,97.6779843842324,97.93221783526964,97.64517792015599,97.72425804903203,5186.563269909745
2026-01-12 15:00:00,97.50089641650865,97.78700702771275,97.32592708227148,97.53160125060116,1778.5834204577277
2026-01-12 16:00:00,97.70271652771963,97.70218961620115,97.37701431922112,97.58835992322678,1512.531538286034
2026-01-12 17:00:00,97.9300746585163,98.1224284084037,97.70084149759703,97.9194252604873,4368.930081515685
2026-01-12 18:00:00,98.62810383743148,98.7276720230209,98.42044651696453,98.71243366855998,5174.395468908968
2026-01-12 19:00:00,98.16372895151329,98.38117148369685,97.79163359513757,98.09352591914656,6482.085599919672
2026-01-12 20:00:00,99.17981016317012,99.2038932842305,99.01946369371285,99.16004260647469,1058.405692482975
2026-01-12 21:00:00,97.93183822656724,98.53434068955634,98.04561305251833,98.18399870671344,9907.506014196757
2026-01-12 22:00:00,98.15094145057279,98.275094149799,98.01212603029118,98.10810615919564,4275.449950636386
2026-01-12 23:00:00,98.44144763320955,98.58109806424481,98.13238319540989,98.40226476243794,8632.851974210093
2026-01-13 00:00:00,98.54477280926353,98.679987305697,98.19787868547168,98.54276069630545,5814.70035098864
2026-01-13 01:00:00,98.32058099450211,98.40260704900294,98.06291912918604,98.23141093639515,2173.9550908001183
2026-01-13 02:00:00,98.06011045278387,98.46920294573133,97.95149286768901,98.12734981121652,8178.089972810697
2026-01-13 03:00:00,97.91449932276919,97.9296302095406,97.5341710881972,97.88084934388709,7388.443674278885
2026-01-13 04:00:00,97.42947102829825,97.91386350402381,97.3356111800935,97.58616696541499,5746.924764363052
2026-01-13 05:00:00,98.05167705226539,98.24477036203568,97.7673444434454,98.0109680139255,5630.97782200402
2026-01-13 06:00:00,98.38478172646201,98.2687735921223,98.10856740750539,98.18947575690802,1787.3164517583525
2026-01-13 07:00:00,97.74353532403094,97.93548971997276,97.57514815234975,97.8430209592777,6902.640537164867
2026-01-13 08:00:00,98.21684068379555,98.66046019971515,98.1857345310453,98.29282089699433,9201.206401788699
2026-01-13 09:00:00,98.37546911314347,98.55191996943836,98.35987267602613,98.44647065743263,1839.2042729922252
2026-01-13 10:00:00,98.86590153943227,98.93756666579252,98.68757887452878,98.85290171685212,3371.6030558401444
2026-01-13 11:00:00,99.06141251052854,99.48144759205039,99.02629541015878,99.16771613781391,9120.771760978889
2026-01-13 12:00:00,98.79534337022199,98.98707391998147,98.57537860179139,98.75321863235288,3559.0951883781395
2026-01-13 13:00:00,98.55781210680132,98.57933555460076,98.4172262757069,98.4731281122544,6885.493049619337
2026-01-13 14:00:00,98.9002096361614,99.06843741235649,98.55089328416926,98.84677491481602,5813.363484488297
2026-01-13 15:00:00,98.97511850496895,99.24938477916872,98.83919141808111,99.15196004753275,6366.948445034758
2026-01-13 16:00:00,99.24102601706655,99.45159139039295,99.13624349796477,99.14150925055068,4742.100114195278
2026-01-13 17:00:00,99.29390968363045,99.50631003869239,98.90232716163841,99.20017294220507,3699.9232349834
2026-01-13 18:00:00,99.92202152733392,100.09220600998148,99.72005825308145,99.83900539009929,1436.8010565670206
2026-01-13 19:00:00,99.58050392054696,99.77938580180607,99.25752214198309,99.54321969568137,7698.528453647477
2026-01-13 20:00:00,99.83878731768691,100.19288719875313,99.62361303553303,99.81676838626639,7714.841159748041
2026-01-13 21:00:00,99.81891099986208,99.91564069278826,99.51279450364135,99.71567206004944,7036.531660708509
2026-01-13 22:00:00,99.79918280719617,99.68864404589375,99.42534122337796,99.60683145843583,6792.704093076585
2026-01-13 23:00:00,100.06091583809295,100.40116727571267,99.83500696400608,100.15621988442943,3193.454189507736
2026-01-14 00:00:00,100.67674059850293,100.97753276387716,100.49288686017594,100.56892805892345,1201.1044038966209
2026-01-14 01:00:00,100.96706116712302,101.07420692760519,100.71489884305026,100.97568287692377,8278.438571968958
2026-01-14 02:00:00,101.61545497529806,101.79227600383153,101.31828926401197,101.62842228050093,5420.246821262442
2026-01-14 03:00:00,101.48527113227911,101.88056880512745,101.36729019326327,101.63892420131731,3761.543176323565
2026-01-14 04:00:00,101.95142174601324,102.17451020206421,101.54743079553243,101.97990068696478,1917.3871610251306
2026-01-14 05:00:00,101.72504081287121,101.92653695063032,101.67766198494053,101.82476730866806,1564.4943181124956
2026-01-14 06:00:00,101.94046504196169,102.29903627053532,101.69112000265292,101.98685048491228,4139.800496156596
2026-01-14 07:00:00,101.81196031935062,102.35378302993016,101.73238802126258,101.92177895772843,8242.633582902465
2026-01-14 08:00:00,101.92538610149349,102.18989008612718,101.64693633258952,101.97027694022479,9268.513744004475
2026-01-14 09:00:00,102.22724441724091,102.37744862396966,102.06862435251539,102.26785545294325,9070.762281517582
2026-01-14 10:00:00,101.86842060317039,101.90384905882117,101.69753268951276,101.85874511132651,9280.007512746894
2026-01-14 11:00:00,102.74346376294011,103.13073634729136,102.57433152878208,102.90493874916925,9169.528088164085
2026-01-14 12:00:00,102.25737824364487,102.71231779275102,102.25108625232129,102.4019300584194,5745.022764403562
2026-01-14 13:00:00,101.83102717909858,102.04235252667507,101.73610832791559,101.79483575202553,2974.7407470121343
2026-01-14 14:00:00,102.29414737706857,102.5736508046837,102.22557587709295,102.37389118877557,8182.419245531383
2026-01-14 15:00:00,102.87717551478003,102.91079537057811,102.50781924109819,102.76972253575704,2923.416773673211
2026-01-14 16:00:00,103.10430941648461,103.1725660810113,102.7425785691244,103.0817824442831,3404.8654908091216
2026-01-14 17:00:00,103.45663141393588,103.67943033154774,103.1848422613856,103.39595519891525,3099.288896402936
2026-01-14 18:00:00,103.53090104453388,103.68120897463035,103.05801210576838,103.38983181249179,5634.841633262253
2026-01-14 19:00:00,102.91023354556823,102.98663164807981,102.87702211889665,102.94120462674888,3896.4475735217193
2026-01-14 20:00:00,102.92165823530411,103.3380908036638,102.82343325232753,102.97910690584574,2387.404446628073
2026-01-14 21:00:00,102.72769630864957,102.8979331721791,102.4693835618051,102.64052605008969,5078.560707044941
2026-01-14 22:00:00,103.17903727319154,103.46804538131315,102.93954185954583,103.12808591679857,8865.165149066503
2026-01-14 23:00:00,103.03582419506536,103.12034445119897,102.84614778722248,103.05455722604749,6134.97569454975
2026-01-15 00:00:00,102.78095442434685,102.7052262121097,102.37271753191203,102.64180862765124,8905.020452988283
2026-01-15 01:00:00,102.45989127584075,102.66621877584801,102.32559639064179,102.48111570682474,2762.8496657122364
2026-01-15 02:00:00,102.69085879771812,102.93785987665207,102.47367856526724,102.68758143396255,2502.764863052986
2026-01-15 03:00:00,102.407841422644,102.78535523985326,102.21023144659297,102.40571915756057,6180.1941312857825
2026-01-15 04:00:00,101.9011495702875,102.26521685115887,101.88719795016647,101.99460895977735,5169.960113916457
2026-01-15 05:00:00,102.12421110447194,102.2921844378421,101.92781923443145,102.1164525655233,6941.553774822612
2026-01-15 06:00:00,102.37861186881752,102.33629893031109,102.05330180406739,102.23893585107767,8151.641119241034
2026-01-15 07:00:00,102.02996109492972,102.30846432066402,101.80197231989241,101.9854642633921,7761.765660869588
2026-01-15 08:00:00,101.75305145322284,101.85347456800787,101.5467691649248,101.74994511058294,9480.35056292705
2026-01-15 09:00:00,101.8497933511452,102.22881693473899,101.65840272520042,101.86597007926176,4584.307682413104
2026-01-15 10:00:00,101.17501461135373,101.31348944355244,100.98515742642383,101.1419279085131,2857.480680233627
2026-01-15 11:00:00,100.51317268417374,100.7972542285866,100.11092454792768,100.43819602132481,5958.213759530971
2026-01-15 12:00:00,100.13989779378758,100.34686703970453,99.9959219736189,100.07897391069861,1996.6880817206704
2026-01-15 13:00:00,99.93906384866048,100.15855078589844,99.84434734568967,99.97225033484268,3599.660109984683
2026-01-15 14:00:00,100.1601822770527,100.27576448045907,99.64970775521932,100.12770411764168,2870.9924973683
2026-01-15 15:00:00,100.91337620023128,101.03129143838184,100.76918136161538,100.86538222611645,4569.073451173728
2026-01-15 16:00:00,101.19349253896478,101.53704370695499,101.22958750518845,101.29421203771747,2000.9491750199384
2026-01-15 17:00:00,101.23106582685413,101.42195842235753,100.94079509823564,101.21424277273576,1286.5757009328806
2026-01-15 18:00:00,100.98860428015418,101.34535352797754,101.19702268340703,101.20473466878441,6911.146041670286
2026-01-15 19:00:00,100.75172335744763,100.88690684543374,100.52699737746275,100.7034699864655,6492.240804608244
2026-01-15 20:00:00,100.76024772392557,100.90207112144122,100.27963092596165,100.6942134184693,7375.23042434795
2026-01-15 21:00:00,100.62463871158788,100.56275750845072,100.50437769122458,100.54988409900923,6943.477962442095
2026-01-15 22:00:00,100.67173869396133,100.95706019065716,100.70943982775215,100.71124337917828,2028.6521302814515
2026-01-15 23:00:00,100.32853259090452,100.39965578493043,100.24754602759789,100.29762790740212,3619.7099323808166
2026-01-16 00:00:00,100.69969654907683,100.64196792420213,100.26746520768802,100.55730116452271,2165.7394891031713
2026-01-16 01:00:00,101.46504758585311,101.35493618631293,101.01119294902541,101.323670621024,8586.751618437069
2026-01-16 02:00:00,101.26637327687291,101.28990129700878,101.12054942649343,101.26929054679557,7722.132898199709
2026-01-16 03:00:00,101.484078370918,101.53460165753381,101.20182516744492,101.47014640784504,2813.743026264182
2026-01-16 04:00:00,101.92630951817404,101.94431630793756,101.4761928709494,101.8152184037006,4071.7831644090406
2026-01-16 05:00:00,101.46452796623146,102.00993408151034,101.23587352631469,101.61460816775768,9699.534930377928
2026-01-16 06:00:00,101.69434683439518,101.87406644107337,101.55128793678087,101.72665440866288,6347.4342209168635
2026-01-16 07:00:00,101.86650765460746,101.9507256196806,101.70280343728679,101.73295060905379,8210.400375710415
2026-01-16 08:00:00,101.87930871249667,102.02183679697883,101.66387655056917,101.7817886583282,3381.3193129185624
2026-01-16 09:00:00,101.43221014416545,101.60839028502205,101.23796418589399,101.39528376640047,2890.476281613747
2026-01-16 10:00:00,101.25695561299688,101.59979450745735,101.23343273318778,101.40753885352994,8055.252359618936
2026-01-16 11:00:00,101.65154697584855,101.73700862279274,101.47532393925353,101.65653799915266,7172.852097082961
2026-01-16 12:00:00,102.32311826342519,102.7272025578781,102.07022034325712,102.38210980305018,7128.801362905873
2026-01-16 13:00:00,102.89484910637451,103.24246488045658,102.53430237342403,102.86174521609279,5973.711236462745
2026-01-16 14:00:00,103.85740177636907,103.9700705754363,103.75550381024104,103.93833644484856,6072.205084988939
2026-01-16 15:00:00,103.45209032390709,103.6522598043159,103.24481417579936,103.55466266340454,7621.277547756284
2026-01-16 16:00:00,103.78433645399652,104.16284194752718,103.75505684510178,103.99082298176488,3430.022330090758
2026-01-16 17:00:00,104.20467445313173,104.18604020514303,103.87604338734779,104.08249398463406,4174.9161927126015
2026-01-16 18:00:00,105.13741840009858,105.42799200658847,104.88674103553188,105.17739545124289,8844.730934680496
2026-01-16 19:00:00,104.78896088693557,104.90041908832465,104.56602110374153,104.77324630856532,3779.7868091094197
2026-01-16 20:00:00,104.35316157582751,104.76989099425559,103.94760426976515,104.35338538747493,5916.786142413691
2026-01-16 21:00:00,103.94694567145686,104.37274392418728,103.99753018143237,104.05368906475292,7323.755176060156
2026-01-16 22:00:00,102.86583471145319,103.21299860566123,102.84325829250722,102.991741202598,9999.32344149859
2026-01-16 23:00:00,102.6283321791579,103.0315623180896,102.54151558145301,102.72886369175762,4917.621983457988
2026-01-17 00:00:00,102.27698051709784,102.65988740341652,102.10535209193499,102.34929736098078,4852.835889624494
2026-01-17 01:00:00,102.46115487892027,102.56809950541306,102.09769820550858,102.42449425421889,8583.295414903007
2026-01-17 02:00:00,102.5158004757554,102.71375051765327,102.39781209883107,102.59537224210746,8249.52800133877
2026-01-17 03:00:00,103.70810672487487,103.74127196801237,103.47568062666602,103.5334576617154,7579.6829356109365
2026-01-17 04:00:00,104.11138468439775,104.29483319325823,103.72441819116293,104.00866958080843,5169.06673668126
2026-01-17 05:00:00,103.80105370794381,103.93412379284257,103.44472187636303,103.72021775297723,3915.452081446442
2026-01-17 06:00:00,103.25904452705575,103.31331076908396,103.265196283241,103.27101041730306,6478.574343263637
2026-01-17 07:00:00,103.66839807662835,103.63668755866122,103.31735041642338,103.5169700030563,8886.009638184769
2026-01-17 08:00:00,102.83505283643387,103.04945611318655,102.81586758261402,102.85685339954598,8953.99712387728
2026-01-17 09:00:00,103.76945664105774,103.96501622204059,103.63904789222337,103.77258278247317,1976.4851056339458
2026-01-17 10:00:00,104.37930029680872,104.75955706051278,104.25258373553008,104.3623028428338,4855.152554318356
2026-01-17 11:00:00,104.19789732083578,104.18911622254156,103.84678854695726,104.12771501678145,5182.497605788745
2026-01-17 12:00:00,103.33483856013632,103.52170667641961,103.0594647348188,103.27114775223602,9798.53830771378
2026-01-17 13:00:00,103.90057141147426,104.29699525015155,103.87664303939432,103.94808393931872,7101.98213718326
2026-01-17 14:00:00,103.83751464474982,104.31795899123469,103.60280742039669,103.89081401669242,4665.217755358635
2026-01-17 15:00:00,104.57371246839436,104.66928243036075,104.453102755072,104.50972217267915,1234.520973870337
2026-01-17 16:00:00,103.78403200167108,103.96165128855398,103.47949696423485,103.71250834328195,6088.466440892764
2026-01-17 17:00:00,103.37348571932279,103.66979686752494,103.29422189873424,103.41282083180508,1864.6837807452052
2026-01-17 18:00:00,103.25672387469632,103.63499085481949,103.25201038991722,103.41544268166416,8510.049616129867
2026-01-17 19:00:00,103.4182013689457,103.6290484584226,103.1885059037427,103.43893297854653,7772.667945133259
2026-01-17 20:00:00,103.2762528226895,103.45749778175691,102.96175530290097,103.21390024280691,5144.582439173609
2026-01-17 21:00:00,103.70586689362264,103.57854981750263,103.19162830162506,103.52532520898066,4862.897015875297
2026-01-17 22:00:00,102.87171919805529,103.25972194329563,102.79974036425651,102.99151499428936,9076.050690118918
2026-01-17 23:00:00,102.87766812649566,103.13294304214492,102.68968016548239,102.92032525177872,3596.1251537631556
2026-01-18 00:00:00,102.94153271148214,103.15822557795686,102.82424679987511,102.98047306763468,3241.179658960937
2026-01-18 01:00:00,103.3732730186072,103.642378704236,103.01949349640176,103.23769248466404,9452.776895431858
2026-01-18 02:00:00,103.59000577366263,103.72600652182943,103.34955131890764,103.59349992370849,8283.212530781344
2026-01-18 03:00:00,102.94044622185233,103.19087127888305,102.84100986253499,103.03117887778956,8385.63033760475
2026-01-18 04:00:00,102.31999132071392,102.66327712264221,102.24449684083099,102.26412179242175,2756.74432848333
2026-01-18 05:00:00,102.8624963513669,103.01975407288602,102.6698131137379,102.902960203371,2289.6639228784097
2026-01-18 06:00:00,102.946678482025,103.21410568106714,102.83266106162525,103.0691172093608,1234.265948354214
2026-01-18 07:00:00,102.60559661035491,102.88017139873944,102.56289128871731,102.69487394108252,3133.3735802681203
2026-01-18 08:00:00,103.64385412428604,103.75452337705673,103.39888863245103,103.47044992884378,7967.714425428922
2026-01-18 09:00:00,103.56670816815516,103.74906749672554,103.18069933093982,103.52828724599021,3160.345768877348
2026-01-18 10:00:00,104.12871184356737,104.1886733033069,103.86879128693268,104.11793583802212,7561.929552353886
2026-01-18 11:00:00,104.12670570514597,104.29847822241446,103.97460318181935,104.15169507872717,3267.1743883067934
2026-01-18 12:00:00,105.21128392538006,105.32133359784696,105.09577232948293,105.18206904116818,4557.632481556045
2026-01-18 13:00:00,106.08776305699003,106.25201735786747,105.9419209452319,106.05973946238977,9848.460609202675
2026-01-18 14:00:00,105.96447427097097,106.17784175401322,105.60499834847161,105.93525738815023,3203.30558155722
2026-01-18 15:00:00,106.43252737265519,106.66286343921621,106.2072766695406,106.4210428636274,4387.3356456844085
2026-01-18 16:00:00,106.83061067225054,106.76612966301515,106.59878954512007,106.74373083841999,3709.784624186923
2026-01-18 17:00:00,107.43035705178623,107.73444071594224,107.17707769406368,107.42804661718615,1986.6248769700205
2026-01-18 18:00:00,106.84779100334084,107.17084177149577,106.82702470564075,106.94558488689611,5409.047279177425
2026-01-18 19:00:00,107.22736832780524,107.62706382165472,106.93852631386729,107.28861061689533,4408.215969997021
2026-01-18 20:00:00,107.61992099097115,108.06224269304919,107.48254280683045,107.81782286032012,7253.983772265521
2026-01-18 21:00:00,107.14113482871281,107.24858541288214,106.78511052422884,106.93845311710857,8358.350922563915
2026-01-18 22:00:00,106.43309931997094,106.59347839192068,106.20969088547876,106.34682386077567,5898.247430460747
2026-01-18 23:00:00,105.2442007223827,105.6618303475159,105.2653944520264,105.32720777189563,1289.7677987860318
2026-01-19 00:00:00,105.16431986973363,105.44472941827513,105.14066243182849,105.19250435467335,6570.301206112495
2026-01-19 01:00:00,105.48758783515068,105.74148395792703,105.4852224600671,105.55127548257133,1498.5165701884528
2026-01-19 02:00:00,106.45670872975676,106.72969748066404,106.08893497452061,106.30245400861935,6547.206912391224
2026-01-19 03:00:00,106.19751368240213,106.62840511105722,106.17212476927337,106.33950139882923,7165.269543422696
2026-01-19 04:00:00,107.16525677749677,107.41118361371532,107.08834272035641,107.15380917161488,2779.908648557666
2026-01-19 05:00:00,106.45290565825094,106.5361280008536,106.29187484675388,106.46375844250743,8374.11533849594
2026-01-19 06:00:00,105.69475108590076,105.6832364610835,105.36153350806512,105.61206722282985,9199.766184166438
2026-01-19 07:00:00,105.57389245060907,105.81356492159573,105.33150943838999,105.58429337338154,8317.782677024377
2026-01-19 08:00:00,105.60050521018566,105.99087821762802,105.76629312593708,105.7763260978512,3745.9827119087395
2026-01-19 09:00:00,105.73486694033991,105.89856646730333,105.57280507185254,105.75997872380415,6279.78711201071
2026-01-19 10:00:00,104.62904145198989,104.94035594374543,104.66459175148138,104.72625767378422,9233.33634272105
2026-01-19 11:00:00,104.68965560868347,105.04056034683218,104.39152478431379,104.68169765402781,3885.9825360056493
2026-01-19 12:00:00,104.17288060742743,104.29900315123042,103.75104826214005,104.0294629037754,8380.250400388826
2026-01-19 13:00:00,104.19035665376718,104.45019832721513,104.25410190082285,104.36429917819041,1085.2761813552688
2026-01-19 14:00:00,104.46757602769884,104.73644741852453,104.42420282147887,104.54759830123884,1032.8203250620863
2026-01-19 15:00:00,104.0223891126968,104.1971617599899,103.92378511312498,104.07765840807515,7837.404943050707
2026-01-19 16:00:00,103.7825618398655,103.98195495776595,103.79544560993368,103.82072494940681,7853.028239144091
2026-01-19 17:00:00,103.36513075487287,103.44975662189937,103.05752137111827,103.29111818846233,8100.794690670644
2026-01-19 18:00:00,103.24242419806961,103.41201408156536,103.08706309445977,103.25977863982575,9370.24154099346
2026-01-19 19:00:00,103.77893007264842,103.81183626287904,103.44033229181959,103.73734980007637,2061.156806382558
2026-01-19 20:00:00,103.18190947253542,103.43172130875678,103.15432769870486,103.2444867769086,3087.8648648531953
2026-01-19 21:00:00,103.51950246920931,103.64044927098278,103.35842232949251,103.49651003466752,9133.524283364268
2026-01-19 22:00:00,103.30916098856908,103.32432609448152,103.18203375128522,103.2313812254813,2595.125779951181
2026-01-19 23:00:00,102.76171485437641,103.24024201180029,102.73537386569954,102.83494480935012,7140.063408189256
2026-01-20 00:00:00,102.85956544135351,103.09030659479451,102.69962782897967,102.78142962937285,5774.167000367338
2026-01-20 01:00:00,102.26904574503592,102.42617839567066,101.96421110027852,102.26380846816316,1748.7430916635653
2026-01-20 02:00:00,102.09152983953778,102.18886572046362,101.8568100003647,101.98698381548957,3567.372957473796
2026-01-20 03:00:00,101.36790287918744,101.47087943446338,101.17562730072068,101.38804486919514,5683.349947968711
2026-01-20 04:00:00,102.40853190116954,102.73997972343442,102.20848377603951,102.37040743565333,8671.151050154507
2026-01-20 05:00:00,102.38397858847135,102.77776808111652,102.3149857382405,102.38803921163921,7367.846406532063
2026-01-20 06:00:00,102.02855523143884,102.25384583046755,101.85500649996007,102.0381764576429,6596.948453094397
2026-01-20 07:00:00,102.17105945583259,102.44751947742856,101.88525607982366,102.14516641301002,5464.296009472733
2026-01-20 08:00:00,102.1426831350871,102.306531066058,102.00977832741894,102.0890023881646,3688.1558543272085
2026-01-20 09:00:00,101.85356109720558,102.0448450445104,101.69760630932485,101.97851758839799,2073.2042018733505
2026-01-20 10:00:00,102.4289642993015,102.44441860152334,102.17057303056747,102.2856009384197,4681.68431109486
2026-01-20 11:00:00,102.47838848938838,102.87754759012056,102.51265318605066,102.66435479344337,1256.6664452016332
2026-01-20 12:00:00,102.33062300866422,102.55364944776376,102.1460359073371,102.3991042196381,2899.5030034016554
2026-01-20 13:00:00,102.10176819223926,102.28932977157224,101.9775387150377,102.11119509931575,4892.350382853939
2026-01-20 14:00:00,102.01490484764852,102.16452929498902,101.76991176480634,101.97366925073993,4767.446671047235
2026-01-20 15:00:00,100.98032592114629,101.0146208185856,100.65417775125096,100.82270866837214,1398.6588789729317
2026-01-20 16:00:00,99.87928398845035,100.27033898632261,99.85217633660248,100.06511313727286,6301.541381727621
2026-01-20 17:00:00,100.69778085815615,100.84248976435546,100.71047636044277,100.74855027099512,5947.158302679126
2026-01-20 18:00:00,101.35835077896584,101.69933251283298,101.55400230926658,101.57103412774578,1702.9387361882157
2026-01-20 19:00:00,101.4496783053586,101.51805768139758,101.1849194073629,101.44651610796758,9488.467472143953
2026-01-20 20:00:00,101.76196294794546,102.03257614446409,101.43107644893055,101.73479458949546,1894.4450105577412
2026-01-20 21:00:00,102.04949924098436,101.90098436095126,101.78146833712039,101.89041966676723,8693.507361136024
2026-01-20 22:00:00,103.4419235470842,103.74521910532654,103.25426290621196,103.42986007099485,1002.7875872350535
2026-01-20 23:00:00,104.09405003965637,104.32828246643842,103.7601756014219,103.98964752671213,8940.529855408447
2026-01-21 00:00:00,103.98407243912567,104.09547067227349,103.65636697080589,103.92568873097176,1177.477589838813
2026-01-21 01:00:00,103.40439369097102,103.50823221945427,103.44515078350446,103.44791851067154,7820.308287029044
2026-01-21 02:00:00,102.50379927586356,102.80856429434603,102.5332993752406,102.64469535054276,4255.217301702276
2026-01-21 03:00:00,102.77392739830556,102.9400087523475,102.57968510646135,102.74642716847637,7643.951201226879
2026-01-21 04:00:00,102.21904159411967,102.46719197384132,102.09793777611061,102.36825179583421,4615.706848824806
2026-01-21 05:00:00,101.78664564830234,101.80560310165455,101.20728189266323,101.65712494103538,1638.1713009865755
2026-01-21 06:00:00,101.31763228871044,101.68685801880045,101.1566390715951,101.33383849891412,7907.5602585582765
2026-01-21 07:00:00,100.91258223825807,101.0595572133371,100.73376224331733,100.79306449710693,1641.2741678922848
2026-01-21 08:00:00,101.58861387122997,101.7441789032054,101.39640850692307,101.6366353146432,9299.083923650962
2026-01-21 09:00:00,102.10434027175803,102.11769527615839,101.74535561416386,102.07745519311793,1458.7663221249525
2026-01-21 10:00:00,102.09440375819308,102.24076714069864,101.86266746036166,102.07346887245961,5313.927499943639
2026-01-21 11:00:00,102.80893653010354,102.99209526396959,102.70410579642007,102.81344094190463,7507.3098776571605
2026-01-21 12:00:00,102.80885914438878,103.10174501446477,102.55632570158043,102.85212509572844,4539.21818312834
2026-01-21 13:00:00,102.46072859691137,102.56795132380755,102.15512843321447,102.42148299506431,2955.1012713319124
2026-01-21 14:00:00,103.09042870735081,103.43419499123532,103.0856531181187,103.18304503369913,7831.818652564243
2026-01-21 15:00:00,103.33155652264556,103.84601545954749,103.21435749378803,103.45250005554146,8058.652343098538
2026-01-21 16:00:00,103.05815966771092,103.21542708062266,102.63415042161235,102.93387697837824,9304.254855589304
2026-01-21 17:00:00,102.91142443822564,103.03389878860335,102.52051863508055,102.83870763933643,4385.485993879699
2026-01-21 18:00:00,102.40748767350429,102.58258346553873,102.207543410175,102.40089851264406,5556.265610475942
2026-01-21 19:00:00,101.87601288541627,101.87383133374391,101.54530659177982,101.7094986471619,4268.155985614649
2026-01-21 20:00:00,102.14581086905523,102.49065151217293,101.84986003871958,102.17258742092771,3313.736396662314
2026-01-21 21:00:00,103.25956606316167,103.26456439656764,103.04831179146086,103.12729574116277,7759.296653838477
2026-01-21 22:00:00,102.44556936274579,102.63253422515321,102.1841540251611,102.42801195425321,4056.866605152599
2026-01-21 23:00:00,102.60702149759085,102.91461636278659,102.64649923533493,102.70949657259848,4853.344977931169
2026-01-22 00:00:00,102.56897930721465,102.53399686875642,102.0776376608116,102.38417528803757,4633.0629186162505
2026-01-22 01:00:00,102.23968368081763,102.2033660413668,101.96641714771634,102.14061259615522,7413.951030820713
2026-01-22 02:00:00,101.83231353093484,102.07671308439757,101.51755731047105,101.8444156340358,9260.160634996118
2026-01-22 03:00:00,101.48513737514928,101.60631985201036,101.16327897356034,101.41242024919589,7000.804551766396
2026-01-22 04:00:00,101.39631071976851,101.68670511011194,101.35900308617448,101.4366810631683,5244.243364848094
2026-01-22 05:00:00,101.10412090846873,101.16784597431887,100.67874323175505,101.02120600496278,8012.846032649951
2026-01-22 06:00:00,100.9173265613243,101.478516547734,100.80130989120993,101.1564344178527,6768.741917099238
2026-01-22 07:00:00,101.02933522975866,101.24363798500694,100.8430867138682,101.13131536312812,1545.4932140603214
2026-01-22 08:00:00,101.10976731412362,101.38304536809672,100.88800012619855,101.01184133969493,1860.972277769575
2026-01-22 09:00:00,100.53309395485223,100.5832958576913,100.38866090410986,100.55805950867412,1341.2524966627
2026-01-22 10:00:00,100.29042807287883,100.51315084984564,100.05513112164938,100.26967384338995,5111.346935856878
2026-01-22 11:00:00,100.51269089009129,100.89491252455551,100.51774049623599,100.64736945630284,8432.680909050683
2026-01-22 12:00:00,101.08261474968523,101.01827234332093,100.5285933928687,100.89782805011502,3817.7485241621685
2026-01-22 13:00:00,100.52810339208752,100.65148982150185,100.19461778054315,100.40905042771575,4457.441647832336
2026-01-22 14:00:00,100.43864805859283,100.78666844740638,100.38838177571962,100.45871658043036,9185.293975311015
2026-01-22 15:00:00,100.79394055642992,100.85609202605166,100.60047456084064,100.83441014211625,8532.131007849894
2026-01-22 16:00:00,100.10266793769755,100.24998198230466,99.8345232412373,99.99970750155558,6985.43301144304
2026-01-22 17:00:00,100.46963464276244,100.32071467977855,100.07888025335738,100.27138759774554,3401.234038830262
2026-01-22 18:00:00,100.03545174385376,100.0435092379203,99.7769376548512,99.94007571827262,2053.3733441959916
2026-01-22 19:00:00,100.44255531930885,100.58829168905929,99.94467041090853,100.22537505256919,1144.5294041210234
2026-01-22 20:00:00,99.75151034139174,99.98556727095873,99.53177669644259,99.84374547429793,1963.096053439788
2026-01-22 21:00:00,98.85936574091579,99.02391642752478,98.7129991077398,98.94130442396568,3633.367992615485
2026-01-22 22:00:00,98.00863909321876,98.30773943212563,97.96146432373791,98.1275332050241,5966.110572215461
2026-01-22 23:00:00,98.19575174331973,98.55836631217115,97.95570939883571,98.15157567835479,1576.000744771482
2026-01-23 00:00:00,98.29899728419596,98.29826870449493,98.07947696755777,98.28143692921553,2226.050004866041
2026-01-23 01:00:00,97.81408350431613,97.9241476254994,97.70952162064981,97.82927861666333,2629.7263207714695
2026-01-23 02:00:00,98.22950070886435,98.49831801436997,97.89068198119489,98.14857484605201,6687.838836849756
2026-01-23 03:00:00,97.44104767543901,97.70358504927131,97.0718105825315,97.31781481491754,6542.10819082112
2026-01-23 04:00:00,97.1322086746652,97.47443179316484,96.9307307916162,97.28477491559387,5956.891537349376
2026-01-23 05:00:00,96.61956961292255,96.75536154545999,96.35373183768381,96.67926681571265,3254.5128222634567
2026-01-23 06:00:00,96.43536312122387,96.76293311199248,96.22191625357057,96.35334876181156,4340.077220968588
2026-01-23 07:00:00,96.33027422908391,96.73649233664469,96.09501826001888,96.37704809746977,1870.2074470396874
2026-01-23 08:00:00,95.86702080719199,96.21473611360402,95.84193675313725,95.9468414148278,3038.145433822494
2026-01-23 09:00:00,95.85641738547793,95.87332340781914,95.4849704326188,95.75456364271288,9079.347038253223
2026-01-23 10:00:00,96.1287600403477,96.4528071132363,96.10937146719611,96.2577100473201,9817.225717922456
2026-01-23 11:00:00,95.93910613177943,96.15322810445404,95.8715894348961,95.96926411255853,6828.936270762652
2026-01-23 12:00:00,96.4199745711716,96.62019529905267,96.15910563432136,96.38711016859111,9251.409628210782
2026-01-23 13:00:00,95.76487474987128,96.16735688507542,95.75480002844688,95.8222567412623,6784.677103612826
2026-01-23 14:00:00,96.16547439582125,96.37510053433367,96.06225638766045,96.08715883021993,1298.768374949229
2026-01-23 15:00:00,96.75105544302914,96.9002055328504,96.62569232892632,96.80794314054889,9970.863264877682
2026-01-23 16:00:00,95.71298283982983,95.9097705354872,95.36387671382175,95.57212089048524,1890.5707151788142
2026-01-23 17:00:00,95.16109863300042,95.40498647675132,95.01060513976581,95.17367326275,7143.776213005546
2026-01-23 18:00:00,95.5293363400108,95.73091590592617,95.42015295621204,95.46220932634027,3275.5258276731106
2026-01-23 19:00:00,95.43528902861706,95.70734071924664,95.24247581753262,95.36068663331878,4527.830016162641
2026-01-23 20:00:00,95.48350556973001,95.63510154505306,95.30713863728069,95.54625957000442,6813.407663208444
2026-01-23 21:00:00,95.03891832178093,95.44068441877587,94.98608879958368,95.24426697664651,4928.386143769363
2026-01-23 22:00:00,95.32363744584936,95.43441641524706,95.08918418214256,95.28756187038297,3254.9145303801542
2026-01-23 23:00:00,95.21695208739942,95.25293731015039,94.89403987458323,95.20972325268693,4010.0156819049225
2026-01-24 00:00:00,95.84919688627434,96.02828528127732,95.5538745811709,95.79361428351683,4073.933052308587
2026-01-24 01:00:00,95.89817195792915,96.37198036032588,95.79557027056326,95.92082470516743,9633.915140573923
2026-01-24 02:00:00,96.04658326632497,96.10561826175447,95.9176762415462,96.08962603620505,8187.517143311059
2026-01-24 03:00:00,96.08453485424197,96.08045949203886,95.82397416886458,95.8836875531438,5126.938943314601
2026-01-24 04:00:00,95.49264903495647,95.90393873461502,95.4506983401467,95.63988444110755,2798.388283072277
2026-01-24 05:00:00,95.49700039503418,95.63591316736337,95.11239528527561,95.42360534719775,8299.144992363903
2026-01-24 06:00:00,95.56337123256856,95.80951861313532,95.35230240991581,95.6208314183869,2414.6422444753616
2026-01-24 07:00:00,95.37676131620272,95.48041754163218,95.07013824538485,95.41033917797677,2894.159954278031
2026-01-24 08:00:00,95.52351632316758,95.778505280719,95.38551513080488,95.55522660642498,4294.12052656136
2026-01-24 09:00:00,96.51258357833058,96.7172506080461,96.25831702629627,96.5929270057477,8923.13376266791
2026-01-24 10:00:00,97.08561177848716,97.0474815279614,96.84781978010834,97.02848935746354,2186.0800177069923
2026-01-24 11:00:00,97.00454195097461,97.184936813431,96.51831908312262,96.86547759137962,2100.107735690735
2026-01-24 12:00:00,97.51308591858626,97.7619231344458,97.2682702272058,97.4660845524616,5445.774894747394
2026-01-24 13:00:00,97.27238506557204,97.46721296363593,96.99132372857039,97.26204686595082,3487.6948698430724
2026-01-24 14:00:00,96.14434054845196,96.46589206718245,95.8954733619309,96.24298459836189,6118.551474833439
2026-01-24 15:00:00,95.79062396948562,96.04637324417475,95.55828420576131,95.73894144290318,5064.730162149011
2026-01-24 16:00:00,95.0191804455632,95.02597944806807,94.58170658363585,94.80354548239026,4914.631957160951
2026-01-24 17:00:00,94.5897192779901,94.91819049584574,94.29890239784898,94.62778874036961,2007.7567343829396
2026-01-24 18:00:00,94.5993995720292,94.807249709877,94.45029824635739,94.63699792996438,2269.4472122485613
2026-01-24 19:00:00,95.41910767300392,95.80641495995941,95.40730581435264,95.47521658610202,8389.707197021651
2026-01-24 20:00:00,95.58973884953465,95.87075884557737,95.22437956752562,95.6386802729841,8972.9446381457
2026-01-24 21:00:00,95.25460005321243,95.74853520294026,95.37610645501339,95.52913000857967,3112.151795967252
2026-01-24 22:00:00,95.98433633775699,96.01682669030022,95.72795719407766,95.94383279917142,2021.1445137229214
2026-01-24 23:00:00,94.75370992703202,95.06696073009765,94.52266447772236,94.83826514466747,1480.7500474105955
2026-01-25 00:00:00,94.79504611184257,95.0728769319723,94.81692181409487,94.95607242372175,6474.678523677071
2026-01-25 01:00:00,95.4168240156385,95.47767674801239,95.24229181198746,95.34150502066524,7438.17891250185
2026-01-25 02:00:00,94.49401011927112,94.72067433494371,94.37683816809783,94.60221189777532,4355.289902828849
2026-01-25 03:00:00,95.14022201399041,95.26746542618886,95.15339655917003,95.17408891937879,7117.082807415756
2026-01-25 04:00:00,95.48998136224485,95.75581426342768,95.17212773081279,95.34333712312599,7416.629340035735
2026-01-25 05:00:00,94.99477158637313,95.46882707237442,94.91118929974404,95.13569316617559,9418.080532572149
2026-01-25 06:00:00,95.29882427576895,95.84412084944316,95.27907928891125,95.45208409922873,1583.8627405159652
2026-01-25 07:00:00,96.61436114708715,96.66514102617536,96.54177562244949,96.58743052813092,2730.625509079718
2026-01-25 08:00:00,96.79331239206121,96.88548903065127,96.31894586003978,96.67836365566018,1616.7338883728933
2026-01-25 09:00:00,96.64503977703716,96.87312318628993,96.59212013341542,96.80247394881034,8811.945400024995
2026-01-25 10:00:00,96.61356247272393,96.70322401132051,96.22967828726404,96.57279349904022,8133.284440302117
2026-01-25 11:00:00,96.20597126830398,96.25605861596617,95.97387493932587,96.14787131430782,6171.778635596551
2026-01-25 12:00:00,96.35712317421071,96.8869976232241,96.45104042074902,96.56303922257995,1752.9706904606485
2026-01-25 13:00:00,96.21484744341625,96.29537434181535,95.9080792176,96.13499730962552,3459.8112278834765
2026-01-25 14:00:00,96.25844101621944,96.47761836160463,95.99235914086805,96.17078042823522,3679.4786325266523
2026-01-25 15:00:00,95.90077314752705,96.19236379381151,95.84972785065179,95.93195170485265,6046.688764138754
2026-01-25 16:00:00,96.29667625395565,96.60180549293632,95.8244631918471,96.17144161772585,3322.395046330439
2026-01-25 17:00:00,96.45191822780181,96.39032824805535,96.20049969265872,96.33827267036932,1656.6387752165936
2026-01-25 18:00:00,96.86735443507,97.18296596647696,96.84106928097783,96.85704264249827,7576.860716679695
2026-01-25 19:00:00,96.55688990403841,96.91667853011099,96.26921783767517,96.6020344430709,3691.7219048987017
2026-01-25 20:00:00,96.36981418616591,96.5697590916215,96.31752677700547,96.46709697542421,5071.367593209706
2026-01-25 21:00:00,95.97395876659645,96.27842845118039,95.83849750679462,95.97771511753307,2148.9997148407483
2026-01-25 22:00:00,95.81254437946542,95.98918298379762,95.732107246198,95.755568487495,8222.934730551216
2026-01-25 23:00:00,95.91180104791336,96.12147110802208,95.57012458535773,95.94421873401743,6089.786892316519
2026-01-26 00:00:00,96.10296294181391,96.44031949364292,96.25166110106107,96.32271304234011,9114.270635888766
2026-01-26 01:00:00,95.98850176970896,95.98971943510638,95.65578543218074,95.8616303802513,5459.244067588
2026-01-26 02:00:00,96.3154556624886,96.70141454988271,96.00517130805008,96.29643334030412,9472.831046360918
2026-01-26 03:00:00,96.93628982003891,97.17432055160235,96.73208057640629,96.9742522697066,9026.813839431934
2026-01-26 04:00:00,97.26668556016078,97.45918272147159,96.98693515251767,97.18096972131845,6188.138708133105
2026-01-26 05:00:00,98.27183148724576,98.24027768943073,98.08953421342622,98.11936762759748,9405.040943348771
2026-01-26 06:00:00,97.4522818710969,97.85448773342353,97.61344551162242,97.73247302804569,3907.7987256509705
2026-01-26 07:00:00,97.15357204138219,97.41834415731499,96.89136564258574,97.11014567638999,4290.779464337902
2026-01-26 08:00:00,96.07812063085682,96.2858279307827,96.09950295893655,96.22078555193785,1409.3015617543324
2026-01-26 09:00:00,97.01871875836234,97.12728633089192,96.74847176168257,96.96880770768244,6302.808160874678
2026-01-26 10:00:00,97.30878325609693,97.4993932769667,97.02781619497796,97.29599053585947,7497.3157293604
2026-01-26 11:00:00,97.3317708530483,97.47933546058825,96.97194791182423,97.26819820040424,7961.672712178928
2026-01-26 12:00:00,97.3582577521147,97.59027318506254,97.33080044934543,97.40818251356416,2348.34657441493
2026-01-26 13:00:00,96.65811397873306,97.08501996802457,96.42577338441707,96.84543798991497,4997.431650812503
2026-01-26 14:00:00,98.0232771605977,98.33759955530515,97.79156604526796,98.06831397972337,2591.7689088452407
2026-01-26 15:00:00,98.17360933422496,98.40638832525691,97.93309598607789,98.13292457071098,6959.14613968824
2026-01-26 16:00:00,98.28916120088095,98.28904158714664,97.87866830970577,98.18762196801343,2421.517351795913
2026-01-26 17:00:00,98.43332214991553,98.7220897701699,98.11396450276278,98.55050527996278,9137.473155604674
2026-01-26 18:00:00,98.89371593851844,99.11048618201883,98.73488190593683,98.79100989583114,3075.71181095272
2026-01-26 19:00:00,98.83816467900606,99.19241662672809,98.72547817221984,98.9029519079707,3622.6203965942036
2026-01-26 20:00:00,98.5439596684075,98.57042873509994,98.46987151426072,98.50771468024804,8658.156899358997
2026-01-26 21:00:00,98.69245946352949,98.97859684885127,98.52418370555125,98.74344885881605,5126.208491311514
2026-01-26 22:00:00,99.70267816982478,99.68663858211609,99.44792168286105,99.68446110705356,1215.9635122006573
2026-01-26 23:00:00,100.44635889358808,100.56186462033709,100.16108734167533,100.35717113013105,5451.276260823812
2026-01-27 00:00:00,101.0310630357219,101.54354114512535,101.01921780055058,101.15376444345075,1760.8900184211075
2026-01-27 01:00:00,100.83016601556048,101.00336733350827,100.89320515361632,100.89815660523516,9868.102468185796
2026-01-27 02:00:00,100.42185045384007,100.5199218905567,100.16600082676469,100.40335419510586,6293.004134100422
2026-01-27 03:00:00,100.58061910115907,100.61686371321333,99.9949172866645,100.34046073505604,3308.793558498806
2026-01-27 04:00:00,100.2820042199837,100.41404303967943,100.22742503677374,100.36832319120039,6073.45911592856
2026-01-27 05:00:00,101.11943233903555,101.05214344744736,100.67141295753355,100.91541895043586,1691.8039304357935
2026-01-27 06:00:00,100.26962896594598,100.32883074933663,100.02600106692047,100.06918663557846,8199.021738419353
2026-01-27 07:00:00,100.82423068023861,100.97053321053983,100.58824048893952,100.83396179530877,9327.952484777474
2026-01-27 08:00:00,100.72514259339927,100.93136084729817,100.59429607579374,100.75495784601927,8869.999493855436
2026-01-27 09:00:00,100.47231079117908,100.81593588207706,100.41775910610585,100.54151731104555,4075.818420687065
2026-01-27 10:00:00,100.02864487038221,100.27761973176914,99.9115014875371,100.03546512341548,3931.9130767903166
2026-01-27 11:00:00,99.06736484422663,99.43471862711212,99.04739794568589,99.20803678748258,1315.7885009467
2026-01-27 12:00:00,99.6119981777315,99.78570985153655,99.3813787478943,99.61962207946355,6862.60322830825
2026-01-27 13:00:00,99.80596909044283,99.89328717458464,99.5874973831773,99.65628106305775,5814.143057708155
2026-01-27 14:00:00,98.95019210693954,99.19892734517724,98.851012146344,99.01130061318722,5134.117341946072
2026-01-27 15:00:00,98.3396887967565,98.609541788148,98.16790840495533,98.36376122715541,9168.678580012363
2026-01-27 16:00:00,98.02575483008363,98.34617567499855,98.10577279996353,98.19586887751035,2510.910109745617
2026-01-27 17:00:00,99.06778584896816,99.2121227427171,98.65071311998754,99.03037964015505,1086.996400211641
2026-01-27 18:00:00,98.92703213296838,99.00158818521804,98.78593351247937,98.90058396447324,1659.848069086889
2026-01-27 19:00:00,98.15538272389077,98.34551172691357,98.01595617927754,98.14901248791419,3010.34294044632
2026-01-27 20:00:00,98.004458250849,98.14504086950834,97.92397175085347,98.02614095587121,1299.5699433711125
2026-01-27 21:00:00,97.86050337912015,97.97837452598118,97.50993116228358,97.88977917099739,5525.59339578822
2026-01-27 22:00:00,96.59152587289667,96.76720196431214,96.28604532666665,96.5413358495266,3826.814097102202
2026-01-27 23:00:00,96.51130675610882,96.73546239385345,96.40784761689206,96.51418841626769,2624.347072613194
2026-01-28 00:00:00,96.4302183383189,96.67700852465822,96.08809799527737,96.39872115116336,7750.756674537959
2026-01-28 01:00:00,96.76832261531551,96.90371177661255,96.52675446414118,96.74682433357006,2840.0619360927703
2026-01-28 02:00:00,97.78364510975231,97.91210766572641,97.44557703893159,97.67130238104274,7188.445908944139
2026-01-28 03:00:00,98.30228430555411,98.48966465304397,98.06903261669186,98.23458489581661,4143.384152628751
2026-01-28 04:00:00,98.11942673485422,98.34461793132235,97.9750821492349,98.1001405505392,5606.44984596299
2026-01-28 05:00:00,97.69871979923357,97.66431222788815,97.3131009862629,97.54687759616836,9404.803358661879
2026-01-28 06:00:00,98.87558435069894,99.0484938460204,98.68806622079285,98.8335574977933,1336.1647133423155
2026-01-28 07:00:00,98.99366298367958,99.09958074440601,98.48149115184303,98.86316671480054,5502.380567297157
2026-01-28 08:00:00,98.93082562159567,99.07084920744781,98.79706047128133,98.87013136075701,8689.806642948564
2026-01-28 09:00:00,98.67387690930886,98.86671658303912,98.50445313991652,98.85806881720201,6291.7682353331365
2026-01-28 10:00:00,99.08759467391786,99.17316015998328,98.76824308246572,98.95711119758593,3491.8346526864098
2026-01-28 11:00:00,98.89844861575823,99.30618409556368,98.65502241822185,98.88493099162396,4579.130216305309
2026-01-28 12:00:00,98.59290451109376,98.76209606130814,98.3147842115209,98.59809998818385,7122.390658557171
2026-01-28 13:00:00,98.3528053523126,98.45186280777811,98.18769544706409,98.32467051756365,9017.307048824227
2026-01-28 14:00:00,98.27379556625995,98.5456287384268,98.02186904398579,98.30829388245566,1369.5973637195043
2026-01-28 15:00:00,98.05928438292767,98.26781931793543,97.96582711135065,98.03658149688877,1643.8493970133877
2026-01-28 16:00:00,97.62097099891588,97.99943212209183,97.55215755887238,97.68015860555019,3925.463712486288
2026-01-28 17:00:00,97.86080094526957,97.80758690380526,97.62578000013025,97.73337371939614,3095.0171599373107
2026-01-28 18:00:00,97.5945262993236,97.8790231359432,97.53123571192287,97.6058851106857,3384.377976001654
2026-01-28 19:00:00,98.31962322070481,98.6169238111022,98.17937708878495,98.35788160497705,2991.4299876329283
2026-01-28 20:00:00,96.93990411920862,97.2181820470865,96.79382170396238,97.03239670078055,2762.4254396964193
2026-01-28 21:00:00,97.60502770565664,97.81201885853395,97.30788412689185,97.57815012674178,2175.6157018236263
2026-01-28 22:00:00,98.21990343300311,98.50413847115044,97.97710504727056,98.2011927229906,9405.587186157141
2026-01-28 23:00:00,97.20334006815426,97.45172914478935,97.03106695327587,97.16449760678651,2297.7051751553777
2026-01-29 00:00:00,96.89042862099583,97.07885187853897,96.75625216596383,96.99315380974635,2839.6339728898256
2026-01-29 01:00:00,96.64731525686729,97.089449195424,96.59500480726336,96.80743337674845,3216.3915158270715
2026-01-29 02:00:00,96.16623665964019,96.29720866888627,95.81007191259593,96.10367752938953,9397.133858173785
2026-01-29 03:00:00,95.86323337178175,95.92205659539565,95.43707551530095,95.7147691855941,7801.427202409763
2026-01-29 04:00:00,95.0568459006222,95.36680096196136,94.95643362146913,95.15948126286119,8107.294872839632
2026-01-29 05:00:00,96.19456061292917,96.22059218569318,95.92534178518912,96.035616484573,1942.8243358464824
2026-01-29 06:00:00,96.53184678702037,96.82262643085744,96.36875069672995,96.50345568114673,8526.788875141045
2026-01-29 07:00:00,97.13852693818872,97.33086143265888,96.9942121646076,97.1392332286438,4673.737736356762
2026-01-29 08:00:00,97.46031439101085,97.58811464782711,97.33159589405705,97.50006926066543,3365.4072359114984
2026-01-29 09:00:00,96.79709157311432,97.09619038945984,96.70873833229784,96.93554337505681,6181.7507516827945
2026-01-29 10:00:00,96.77205609350938,96.89115271359796,96.40176580290411,96.67328324191692,8399.646152350606
2026-01-29 11:00:00,96.84040988638712,97.24089200096059,96.72308239183242,96.91797052253088,8007.869359674184
2026-01-29 12:00:00,96.22892595051115,96.56721608657979,96.10529413929486,96.30690661808491,9009.977343230188
2026-01-29 13:00:00,96.7625984641598,96.7783523052964,96.4490752026711,96.6634058331711,9353.189674138996
2026-01-29 14:00:00,96.35494478942486,96.99176212575993,96.39483366540527,96.54324313409204,3143.098642849746
2026-01-29 15:00:00,96.20347294925041,96.58231026141503,96.24837195608153,96.35583273031723,4814.721047523445
2026-01-29 16:00:00,96.70949929006817,97.03885178821888,96.68685650415006,96.71131271441898,1131.65685284563
2026-01-29 17:00:00,96.96277281306249,97.11827292680428,96.8029593059697,96.93344437016201,8913.89493338554
2026-01-29 18:00:00,96.80143475204936,97.00629721172301,96.50564674192569,96.75296128725246,2391.149363272908
2026-01-29 19:00:00,97.30244633959495,97.61657303938642,97.20291733273854,97.33262618893458,8753.27331108425
2026-01-29 20:00:00,97.04513149199882,97.11391399631007,96.61587522887724,96.79209452513464,3964.4858978793673
2026-01-29 21:00:00,97.07727307273018,97.40579915914459,96.85341919986554,97.10006232860677,4313.202309830244
2026-01-29 22:00:00,97.3735343423807,97.68383265759826,97.1445440079487,97.39661295759096,1352.1902903547343
2026-01-29 23:00:00,97.16214107105257,97.41033106481454,97.14979302315056,97.24183973793396,3941.9091078878764
2026-01-30 00:00:00,97.41729693070712,97.54773164485941,97.10520031340965,97.40490624905502,8995.273145211377
2026-01-30 01:00:00,96.84084558406705,97.0126102118948,96.46661445192683,96.77934946086238,1229.9266100944374
2026-01-30 02:00:00,97.36172077591918,97.53467577769993,97.15434795618769,97.24136297046583,4656.947257420528
2026-01-30 03:00:00,96.9999834758003,97.32663983216666,97.03129558920844,97.14891190224432,1282.5966683146703
2026-01-30 04:00:00,96.86295085814923,97.19406758855624,96.56844132367019,96.8875503919848,4338.3108259815845
2026-01-30 05:00:00,97.45672536598417,97.75731667945188,97.22674035702879,97.41205500490325,2553.7657670226204
2026-01-30 06:00:00,97.11858891309133,97.16825106772454,97.0379053648867,97.05988315963188,3269.9655394153483
2026-01-30 07:00:00,96.35630737723054,96.47196044107046,96.29562066192335,96.35565251145009,8898.385358452771
2026-01-30 08:00:00,95.63158032164135,95.7633004187976,95.40227488720538,95.57733792468814,4924.442985597019
2026-01-30 09:00:00,95.79944651106838,96.11110416717987,95.79664716538942,95.88034290036096,3464.1819226172097
2026-01-30 10:00:00,95.39591876734465,95.38767152273611,95.08147060117646,95.24012822411282,6304.04540155493
2026-01-30 11:00:00,96.21678812540294,96.45274558299171,95.91428569373664,96.117525315105,2278.9626384932412
2026-01-30 12:00:00,94.94206783245663,95.31896729731498,94.73033515075967,95.07656061116315,3334.5244667877027
2026-01-30 13:00:00,95.81727849049649,96.12873350013223,95.75383418693094,95.92478879530816,5916.231708425997
2026-01-30 14:00:00,95.92560535389877,96.08670657652262,95.7230433489522,96.03029752890947,3137.7073766326193
2026-01-30 15:00:00,96.04973797006393,96.05035939133153,95.6390649567706,95.98194097297427,7112.14963660786
2026-01-30 16:00:00,95.58100865292805,95.93758235459798,95.36605046263459,95.70948142956979,5423.421720335703
2026-01-30 17:00:00,95.87594705332502,95.92230904936132,95.68057402740727,95.90904948674583,7947.901632292218
2026-01-30 18:00:00,95.93570257517509,96.19149587649781,95.88656105031731,95.89023213553341,9534.200821502218
2026-01-30 19:00:00,96.43526648308703,96.62606769210444,96.19580059000128,96.44188307654167,2042.2440041266696
2026-01-30 20:00:00,96.52488565244397,97.02330619783217,96.19415691209134,96.4989969008727,4011.985089860904
2026-01-30 21:00:00,96.46756751046875,97.00493940666524,96.38225449214717,96.57414778160363,3875.941565905659
2026-01-30 22:00:00,96.45182711283643,96.57419676857194,96.01788328848917,96.3923416754967,2360.646274035288
2026-01-30 23:00:00,96.30254767438858,96.55323516338304,96.07788550748943,96.36386886363617,8292.728236001238
2026-01-31 00:00:00,96.4853077806424,96.81732789948241,96.26094241036692,96.5177697480822,7838.90833634911
2026-01-31 01:00:00,95.68645872454448,96.03300281274568,95.3540474806333,95.66268555175388,5359.829237509592
2026-01-31 02:00:00,94.99890066285411,95.02478993495743,94.75525585557494,94.98859284070103,5839.937000151486
2026-01-31 03:00:00,95.36262288961395,95.38158734117692,95.31094383777285,95.36022488771239,1535.8972420224663
2026-01-31 04:00:00,95.37059492457867,95.58345412622091,95.29557150192339,95.44565760677635,5999.566170943411
2026-01-31 05:00:00,95.32371099748009,95.6119396969174,95.03394913587523,95.35366593860002,8122.073716176727
2026-01-31 06:00:00,95.36310126421641,95.61257026418346,95.24364203914254,95.36288290513271,6164.448162254715
2026-01-31 07:00:00,95.39916523449683,95.84365090331193,95.35902100833724,95.53667375781355,3387.75733108377
2026-01-31 08:00:00,95.22054062102754,95.34682416482234,95.17127754904918,95.26679391765887,7007.934451009035
2026-01-31 09:00:00,94.91640954286099,94.9092559412546,94.49924929543752,94.8776415549577,4253.395869687229
2026-01-31 10:00:00,94.84782052212202,95.26136560203678,94.60741493676475,94.97556418250656,5903.859558571617
2026-01-31 11:00:00,94.60203595885847,94.60355816640251,94.3747646832131,94.48637779369903,5388.088269510323
2026-01-31 12:00:00,94.81746549781626,94.69235295799514,94.47577437151736,94.69050417155627,4430.575008686621
2026-01-31 13:00:00,93.71469731184133,94.05371874403329,93.70726177421375,93.83921236943735,7469.901823547216
2026-01-31 14:00:00,94.48955215140519,94.63310775692204,94.09229572419704,94.35379018810018,8954.885007872936
2026-01-31 15:00:00,94.57573077043548,94.77788321609458,94.33912062158247,94.5900889293067,1046.9126662923245
2026-01-31 16:00:00,94.75995525237934,94.8723189578454,94.4369332393023,94.71810379646364,9402.548673073305
2026-01-31 17:00:00,95.15978418322356,95.3935130652218,94.9762574436656,95.20944928843639,5603.636224749024
2026-01-31 18:00:00,96.13449099339036,96.2051282344276,95.54864589002882,96.04218651066768,7306.586923269387
2026-01-31 19:00:00,96.58998094506161,96.61456683198273,96.45216391967782,96.54937154317675,8700.621095582894
2026-01-31 20:00:00,95.54751910185117,95.75746635981189,95.59999476295458,95.62893442751093,5203.933230828429
2026-01-31 21:00:00,94.87262574414655,95.24127393464445,94.82845496421322,94.98914594414308,8514.766660284013
2026-01-31 22:00:00,94.5307064117743,94.90890450943289,94.63353548185125,94.67673665529523,2598.57837509682
2026-01-31 23:00:00,94.70857635804391,94.90658816099733,94.63902840740124,94.68978218040064,2432.50781031833
2026-02-01 00:00:00,95.00585883181317,95.04909684244987,94.848743156055,94.9486116906352,6917.242319705382
2026-02-01 01:00:00,94.65083635193642,94.76758946784491,94.47795867460164,94.58573978405848,8831.287049965635
2026-02-01 02:00:00,94.66732505683628,94.6968296709413,94.57458497649202,94.67912316629702,9031.835597824354
2026-02-01 03:00:00,94.18573205455392,94.5192793665089,94.04960980507582,94.30143170012036,6793.664125395219
2026-02-01 04:00:00,93.927465318822,94.33855856940573,93.84629170473292,93.99567279862438,5729.403071883858
2026-02-01 05:00:00,93.40757711409645,93.34492903699605,93.11029370768752,93.29234225020026,3982.537789268646
2026-02-01 06:00:00,92.78226277068481,92.97213285981304,92.54130234969472,92.83072562714482,9820.003740393982
2026-02-01 07:00:00,92.1692250874048,92.38779400220767,92.0315155768148,92.15488332433665,3877.261179996254
2026-02-01 08:00:00,91.5593816494905,91.99223096129074,91.49340128771846,91.66694669784799,7697.6749650843385
2026-02-01 09:00:00,92.22742590069781,92.34894513452188,91.9571915975426,92.1937675961519,5787.8361991450065
2026-02-01 10:00:00,91.67329969556803,91.84984311880935,91.71322493179797,91.71906815173594,6476.61108272812
2026-02-01 11:00:00,93.13993045553221,93.03836686991302,92.99676863325956,93.03525918415463,4541.324955297636
2026-02-01 12:00:00,93.35927390521576,93.49226194752589,93.0473064017153,93.28191813459507,9683.40812925023
2026-02-01 13:00:00,93.32476560178502,93.77854380045689,93.12513476838582,93.37433619644251,6145.140934893439
2026-02-01 14:00:00,92.93249090361714,93.17289315254837,92.53873529286666,92.9451573063519,9440.08867412911
2026-02-01 15:00:00,93.24020062205233,93.49308434813803,93.07950275846972,93.2953122460564,1068.322745565227
2026-02-01 16:00:00,92.86555001328301,93.23970156401421,92.72551936121171,93.00749333293751,6154.035248720089
2026-02-01 17:00:00,92.98275399730548,93.26738903986534,92.8880455046188,93.0684982402602,7454.682007527443
2026-02-01 18:00:00,94.36836224216668,94.46723907216858,94.11881778723608,94.3485405093946,7705.721540459962
2026-02-01 19:00:00,94.33303650935522,94.58283855110004,93.93378487535732,94.30051055953227,9144.791936035132
2026-02-01 20:00:00,94.89000201303438,95.09772337498629,94.86274794086255,94.87514722267511,1039.6144810340766
2026-02-01 21:00:00,94.4933857047163,94.72532033530553,94.282197384355,94.52355901011217,1002.9714333352879
2026-02-01 22:00:00,94.59937142543578,94.60852816213585,94.09250609185594,94.50606476486368,5250.371147156938
2026-02-01 23:00:00,95.39781927313753,95.72181587587491,95.1632616607605,95.39146508268144,1263.643345048336
2026-02-02 00:00:00,95.14830693659715,95.34445182832086,94.71292425746427,95.07798155378755,9770.792982961371
2026-02-02 01:00:00,95.80682831956577,96.12891374904929,95.84712704773897,95.98420583278602,2998.586570872528
2026-02-02 02:00:00,95.94584177535191,96.63826428588195,96.14128654993011,96.33808180051375,5253.982564283602
2026-02-02 03:00:00,96.08522721535043,96.2070913287281,95.85349594232777,96.05684841256662,1550.2386701100124
2026-02-02 04:00:00,96.23057571672223,96.49485193284328,96.3512931741585,96.37305228209438,5698.4357455413265
2026-02-02 05:00:00,96.83808433663644,96.98335919515971,96.77614728969276,96.85932950690774,4419.605126326676
2026-02-02 06:00:00,97.14002478391389,97.19312763270754,97.07992199595475,97.17023448801635,1401.9402598950137
2026-02-02 07:00:00,96.54386218831267,96.63227636611293,96.10291552026787,96.38512212807112,4016.118400266023
2026-02-02 08:00:00,96.06155319545304,96.03843905232485,95.73433822959028,96.02155354015868,4522.9241820057005
2026-02-02 09:00:00,95.91438012506279,95.97494983925635,95.66539057811228,95.89779422238293,9909.29342147446
2026-02-02 10:00:00,95.94427662329626,95.86813630874076,95.57816721814733,95.8605775078329,2870.972847274379
2026-02-02 11:00:00,96.20776331529214,96.36230658732916,95.98732849788041,96.17091355660824,5903.016538330897
2026-02-02 12:00:00,96.21399635777603,96.44473201104769,95.93957089012092,96.25976405707488,9885.839942787657
2026-02-02 13:00:00,95.69923947074528,95.7594222564012,95.39121303345662,95.59209187771982,8128.172871461216
2026-02-02 14:00:00,95.67121579043398,95.87793303375575,95.57640439848012,95.7821908032228,9940.3075079388
2026-02-02 15:00:00,96.11980839461808,96.17026030052105,95.91404293919096,96.08748367586472,9714.684831941524
2026-02-02 16:00:00,96.2126219204166,96.61381588618488,96.09893385206658,96.36737889983023,5405.855878847388
2026-02-02 17:00:00,96.92816364835915,97.05271406943669,96.74988914426883,96.90776926260754,7267.382648835092
2026-02-02 18:00:00,97.34402930405929,97.55636617203561,97.02708720216219,97.324730339882,1993.98814247036
2026-02-02 19:00:00,97.72196587568769,97.6657955108838,97.46753529356782,97.55432037949622,4970.339425421217
2026-02-02 20:00:00,97.36274013442271,97.737343798044,97.42912914923971,97.51923752376689,8281.166880400277
2026-02-02 21:00:00,96.62866833942351,97.0190848607405,96.42001438149624,96.6887570570089,5548.01788879429
2026-02-02 22:00:00,96.98583440923261,97.16218274661446,96.7124205880335,96.90356616657519,7324.291295355087
2026-02-02 23:00:00,97.04094173579648,97.1661686283351,96.85279915177206,97.00741001015675,7711.761969858492
2026-02-03 00:00:00,97.16122993388818,97.36891932579002,96.85419365550688,97.14319942875443,3281.222271186045
2026-02-03 01:00:00,96.40921157054842,96.68075862339126,96.36555128225288,96.50482514084428,8881.29435648309
2026-02-03 02:00:00,95.90521503583099,96.16508488910961,95.78431699607017,95.96429687064014,5138.401878182611
2026-02-03 03:00:00,96.61537739812891,96.65831219209174,96.15095050229948,96.49087329730659,2891.6659325938936
2026-02-03 04:00:00,96.46594480100288,96.65466219978974,96.1171814857972,96.47109572037827,8788.742936095994
2026-02-03 05:00:00,96.84938203867904,97.033055404372,96.45460624803755,96.81184606906459,4760.369254956283
2026-02-03 06:00:00,96.81448642425217,96.92666938717161,96.6542178348232,96.82600525712981,7752.811945417478
2026-02-03 07:00:00,96.72257477535271,96.93929544417868,96.51781303637924,96.84088332687769,5932.297649994336
2026-02-03 08:00:00,97.40340627247319,97.37117097448257,97.20492051264256,97.31002522986569,4436.8457701105035
2026-02-03 09:00:00,97.10232610421023,97.09197575530662,96.9426931532292,97.05200286575699,8288.887735347123
2026-02-03 10:00:00,97.3306269379642,97.17833498500543,97.06501766896504,97.10006325422748,6260.229384801517
2026-02-03 11:00:00,96.7673674719099,97.08487186055538,96.50163878968512,96.86892560987496,4515.058921843285
2026-02-03 12:00:00,96.73393478827886,96.76239874460963,96.53807548106641,96.65167749615881,1986.3808330161432
2026-02-03 13:00:00,96.36593703782079,96.7484528808476,96.30974469239919,96.49709143442449,9059.00782390037
2026-02-03 14:00:00,96.62389297700865,96.8116296951166,96.49919075443417,96.60815832024134,1319.226268074999
2026-02-03 15:00:00,96.46643466831593,96.3719335880658,96.0992674845766,96.36878400940961,8768.686135312506
2026-02-03 16:00:00,96.7894485605867,97.26215963061853,96.83422543826809,96.99666207219636,4239.6537239484
2026-02-03 17:00:00,96.52886517366245,96.83043828564578,96.4798401101299,96.54935842108661,6754.048871512652
2026-02-03 18:00:00,96.39960162560166,96.55653633152245,96.21175634258732,96.45592259900593,9299.797514521168
2026-02-03 19:00:00,96.16586134003934,96.47807622415834,96.17943007234987,96.23605706986885,2365.359539535086
2026-02-03 20:00:00,96.99806727727164,97.07389618830479,96.84328658457726,96.9595460120457,6102.554280749292
2026-02-03 21:00:00,97.16989197094377,97.26759043797634,97.04713448883889,97.0578234003015,7879.895761331728
2026-02-03 22:00:00,97.5604177985129,97.64729582934032,97.51614148125557,97.57374567003582,7818.254494471516
2026-02-03 23:00:00,96.85151412627333,96.85165483826387,96.61311256654528,96.83096548351733,5730.6872313955355
2026-02-04 00:00:00,96.97592149175787,97.12620889749066,96.96094422026225,96.96449061645195,6622.655139158122
2026-02-04 01:00:00,97.40948636489932,97.59693311963619,97.35742058672585,97.40930601426368,7817.742947195601
2026-02-04 02:00:00,97.34151374513019,97.61068003953993,97.25068490051467,97.45044800890139,8569.248739816705
2026-02-04 03:00:00,98.09403265660636,98.06478514061182,97.83754888604338,97.98318819643407,7856.317871882774
2026-02-04 04:00:00,97.75406350819976,97.88455406517076,97.32534030778795,97.72454397138388,4186.044488631183
2026-02-04 05:00:00,98.46870584047693,98.65614716673474,98.04582803687423,98.42921769147667,9970.537609519599
2026-02-04 06:00:00,99.49801579038375,99.77417745027405,99.46545899956142,99.5786667532863,4910.524243473739
2026-02-04 07:00:00,99.35132543326755,99.61549757612639,99.14153371122612,99.39724747306647,1220.1823248304008
2026-02-04 08:00:00,99.156882792595,99.30748469232066,98.89956795667814,99.17449621236608,4263.552564269158
2026-02-04 09:00:00,99.74777598158005,100.21836024239656,99.76093633672737,99.90118845092493,2150.0465911645892
2026-02-04 10:00:00,100.52217109127052,100.77335719013482,100.6405286774401,100.69097452379029,2092.983541555375
2026-02-04 11:00:00,100.36946971714978,100.67830053992232,100.23077435514445,100.42954451021365,3533.815360962049
2026-02-04 12:00:00,100.27170317830996,100.53764021096173,100.03673566914713,100.21945110166573,1480.3794475953475
2026-02-04 13:00:00,100.01324505824248,100.32664960651036,99.92213524693254,100.07855879723547,7196.609695686067
2026-02-04 14:00:00,99.30445302195925,99.58608111901184,99.16210185490188,99.40633354171833,1665.8999578171458
2026-02-04 15:00:00,98.86553900315248,99.09417786380995,98.8220805291768,98.94700756847624,2829.6059989236055
2026-02-04 16:00:00,98.39940294278567,98.74854595020483,98.36013693985812,98.4449371851002,1836.0974304470744
2026-02-04 17:00:00,98.02565250626613,98.11874091002197,97.85013010551314,98.06103840254814,1568.5095781272796
2026-02-04 18:00:00,98.2602481040754,98.14668353281678,97.80509894959785,98.04369595885474,3409.764989855875
2026-02-04 19:00:00,98.26626538797173,98.32104754857383,98.07846781951301,98.160803325123,6147.090708943329
2026-02-04 20:00:00,99.03853098275822,99.25981894728123,98.64324451043093,98.93605357153004,9682.170008021576
2026-02-04 21:00:00,98.55373458758798,98.67485331476475,98.41392466493826,98.43687655116065,8880.009889146457
2026-02-04 22:00:00,98.82915566346553,99.03223317454791,98.7868490962705,98.92903775039893,8883.405329007923
2026-02-04 23:00:00,98.69980686678745,98.9910125577477,98.64784418190595,98.82204332828618,2584.6033243389184
2026-02-05 00:00:00,98.68662444430656,98.93587915905034,98.66093384472516,98.79731147345997,3384.164741480381
2026-02-05 01:00:00,99.26817183287704,99.2637423203199,98.99122726689839,99.13472121954327,1687.5398511577514
2026-02-05 02:00:00,98.51864102987388,98.87124916461781,98.18625276053132,98.57336020876213,8006.215059236665
2026-02-05 03:00:00,98.63942946363022,98.8273907689278,98.64965349075803,98.76456508185414,1628.3467133700576
2026-02-05 04:00:00,98.8046915659387,99.2086692715341,98.40366901371348,98.84779118596067,6010.26103738768
2026-02-05 05:00:00,99.07015626479328,99.37683978698321,98.85030413999164,99.09401681796474,3230.880150915557
2026-02-05 06:00:00,99.26544246728811,99.54768730697903,99.02939562618745,99.23860113991866,3191.0107062587026
2026-02-05 07:00:00,100.4913463119453,100.61995725867158,100.21862717453534,100.4662512098741,9916.525497228446
2026-02-05 08:00:00,100.0645631613611,100.33238714584054,99.69438844282325,100.14738121774845,7811.018262806837
2026-02-05 09:00:00,99.95044837949891,99.93856755879506,99.78124204064068,99.88188274024753,8532.45422461945
2026-02-05 10:00:00,99.50639312366015,99.71784623632848,99.4823542689288,99.57031247703516,6147.844168096114
2026-02-05 11:00:00,99.27694628378453,99.54193940221934,99.16806053711223,99.29257391745503,8839.128586543742
2026-02-05 12:00:00,99.0425577608521,99.30348665997991,98.77066603910532,98.97388035380177,6809.414852497176
2026-02-05 13:00:00,99.50420647896111,99.6576729376753,99.5409657318368,99.56838861935555,9515.563343167109
2026-02-05 14:00:00,100.22170560099235,100.44209014965193,100.07640681941861,100.27864074335046,3532.047274410731
2026-02-05 15:00:00,100.05243440144504,100.17813767445249,99.62391288313437,99.99326759647573,6357.875912046055
2026-02-05 16:00:00,99.49131649226312,99.63751088970437,99.36194907086114,99.57708980992362,7211.18213143203
2026-02-05 17:00:00,99.77431838575642,100.07193251229266,99.64206613401436,99.81279758811682,4536.43574525026
2026-02-05 18:00:00,99.59226028378063,99.66428703280208,99.3985021108447,99.53668606597634,8917.371841636479
2026-02-05 19:00:00,100.05856121899768,100.03361293973639,99.56330080439893,99.85315197485409,9818.22846793739
2026-02-05 20:00:00,100.01515393575602,100.10941854808856,99.83719676260354,99.95461348527974,5443.925422353954
2026-02-05 21:00:00,99.24400540408013,99.31780757720915,98.8121018357212,99.19674142778112,4515.765893239051
2026-02-05 22:00:00,100.02357418681343,100.1697895298981,99.57715805367472,99.97049402844615,5247.441357008128
2026-02-05 23:00:00,100.76111383758722,101.04687190713712,100.64275778512774,100.86843286499392,8674.630711587384
2026-02-06 00:00:00,100.57359819361972,100.72485273152385,100.36319002855939,100.56203851975172,6809.215829663509
2026-02-06 01:00:00,100.3652110909501,100.4953415776157,100.06512175895958,100.36818773978374,1402.9513526628557
2026-02-06 02:00:00,100.54327888918345,100.74307290222448,100.20164058492345,100.51112043514618,5879.529194011434
2026-02-06 03:00:00,100.68999963538728,101.04371055698893,100.55894800324563,100.6783488301397,1155.7011046687282
2026-02-06 04:00:00,101.04559093421783,101.22160968976003,100.86027647978977,101.00762096647611,8006.8183390306485
2026-02-06 05:00:00,101.98157651636936,102.3123350573504,101.94495797932761,102.01272323585928,3954.8104618821735
2026-02-06 06:00:00,101.93011051384944,101.9852274295969,101.68334312827885,101.92424962211226,5248.067339055964
2026-02-06 07:00:00,101.40231814323734,101.74087714377241,101.25843821149735,101.52510099984303,8188.102953168688
2026-02-06 08:00:00,100.80345065803547,100.92570455393866,100.77043394962189,100.83544138583576,1418.039355571854
2026-02-06 09:00:00,100.60905972068247,100.52228387311162,100.31549625634642,100.46997636586481,2426.873820324494
2026-02-06 10:00:00,100.48529371339075,100.579475738682,100.38813827118605,100.45341287942792,4581.643388006033
2026-02-06 11:00:00,101.3485997074485,101.66988174462816,101.24057179221118,101.3506918111868,3069.3264719100453
2026-02-06 12:00:00,101.28149848929417,101.38688774453568,100.8367844556461,101.09188616166873,4041.112831975568
2026-02-06 13:00:00,101.06769663965805,101.42808060969361,101.077128344156,101.20378013748817,9983.572641032186
2026-02-06 14:00:00,101.08462313390717,101.2422986334628,101.02565128505502,101.19556868945179,8428.729938164297
2026-02-06 15:00:00,101.96103646730347,101.97013726103705,101.75249649897057,101.78976532617584,8955.116334640978
2026-02-06 16:00:00,103.05782763271753,103.28340154000281,102.83453251814018,103.05323153911264,9433.491702091978
2026-02-06 17:00:00,102.7635388490235,103.00535077561035,102.59222448463696,102.78779715265249,4068.422922827761
2026-02-06 18:00:00,102.42315699888381,102.55869807304529,102.41597335639669,102.54307743139337,3673.692620168254
2026-02-06 19:00:00,103.10992749656742,103.17612608512593,102.88405929969616,103.06515786992792,3106.5624331486742
2026-02-06 20:00:00,103.46054960169381,103.5996958383262,103.18807412669072,103.40610361474107,8471.052201773104
2026-02-06 21:00:00,104.22000784152559,104.5830863685608,104.21094409250001,104.32945727760908,7115.966760566665
2026-02-06 22:00:00,104.60739381171702,104.64103415238205,104.56904762467224,104.62142137027206,3125.547842345896
2026-02-06 23:00:00,104.40822374167523,104.62556292733055,104.06121788160985,104.44177532487853,4392.944462894094
2026-02-07 00:00:00,104.76270045486656,104.95140761721258,104.60043001069572,104.73710274022469,5560.405875395184
2026-02-07 01:00:00,105.17952950629409,105.57641572936777,105.10113054083483,105.29145453051615,5753.260515463783
2026-02-07 02:00:00,105.82689036656613,105.97098137953857,105.40061164761279,105.70169562111482,8998.549556965432
2026-02-07 03:00:00,106.04691501482823,106.21358976854935,105.40242711791143,105.95533263666847,4425.095196524947
2026-02-07 04:00:00,106.45235242558977,106.60867593079286,106.41311862645193,106.48866998146305,9176.716274504612
2026-02-07 05:00:00,107.05167590552205,107.08251756297355,106.82833505531323,107.07331777668588,4972.308042878107
2026-02-07 06:00:00,107.7507550571769,107.92509199649852,107.63515250073407,107.76439727220466,7717.354073131184
2026-02-07 07:00:00,108.01092136069883,108.38891539852034,107.94263124645715,108.08875221599948,9372.288879865504
2026-02-07 08:00:00,107.96085023401754,108.34453862859348,107.87721437794173,108.00519317584104,9168.181335669397
2026-02-07 09:00:00,108.05152298229025,108.3496049292875,107.99111551583778,108.07855001905772,1512.5758056611305
2026-02-07 10:00:00,108.84309133938261,108.92473858459206,108.48593363849035,108.68180450231189,2851.3386547891287
2026-02-07 11:00:00,108.36799849765131,108.51130063165687,108.2207869355231,108.27333666681827,5292.148829790476
2026-02-07 12:00:00,108.55113879198838,108.60206144657865,108.16299256460353,108.45767332125472,4883.988609577966
2026-02-07 13:00:00,108.29799647639148,108.44799788573567,108.0555036214877,108.26100391509104,6768.024983534863
2026-02-07 14:00:00,108.16364362566532,108.64228327914108,108.0331328292683,108.27537632655844,9502.38145742871
2026-02-07 15:00:00,108.91045314740437,109.02034645728291,108.76122111905673,108.9146022578621,2011.6424015015393
2026-02-07 16:00:00,109.10720063783339,109.37162967094304,108.84687218529322,109.01015179187205,5066.727986208164
2026-02-07 17:00:00,108.9075436030134,109.20116725050092,108.80461367543339,109.03337006595012,2731.699340984254
2026-02-07 18:00:00,108.41709731614749,108.68598520636966,108.26984705870075,108.35344199546016,9046.968385581527
2026-02-07 19:00:00,108.95882970100006,108.78588727752403,108.5623678219151,108.72656877847378,9681.221672214875
2026-02-07 20:00:00,109.1554925336433,109.30790128916078,108.93527222043217,109.04931086904432,5308.315137013151
2026-02-07 21:00:00,110.27234114425323,110.25726121710228,110.01999511175615,110.13093823069704,1936.0926795532666
2026-02-07 22:00:00,109.99888298826477,110.03552239402812,109.96606528915798,109.97704911322054,8067.652000504059
2026-02-07 23:00:00,110.183417471929,110.3084776812936,109.7526916181045,110.08662427705251,7274.272154431591
2026-02-08 00:00:00,110.13953079747249,110.51226329776749,110.07996999422326,110.21131611890789,4192.037439492794
2026-02-08 01:00:00,111.07962914002374,111.11554861493026,110.68370515327327,111.00004275878962,8986.667265720671
2026-02-08 02:00:00,111.01783380600223,111.00249339655032,110.64551576045673,110.95239499259615,9782.487008044365
2026-02-08 03:00:00,111.12089687288508,111.28272127904782,111.02050572613297,111.09190575548132,6020.684642171759
2026-02-08 04:00:00,111.52745475231144,111.58711047746188,111.30469513390688,111.39585401033959,6091.551202098631
2026-02-08 05:00:00,111.43528008813303,111.74399053467322,111.0331082759822,111.48915857191777,3677.6215460240005
2026-02-08 06:00:00,111.24723601299515,111.56090122177895,110.8908491704498,111.2659417646425,6260.554323849828
2026-02-08 07:00:00,111.37253296522749,111.5570452429644,111.16613861242448,111.36298676109166,4956.780884723618
2026-02-08 08:00:00,111.7968415389126,112.28535296750097,111.67406532537981,111.89980263602155,3719.719242352467
2026-02-08 09:00:00,111.40923818069604,111.60896846076955,111.24962962661073,111.38654498631601,1604.6667687151119
2026-02-08 10:00:00,111.28113678209407,111.61838717278877,111.20979455196942,111.45302982338946,3274.370737382124
2026-02-08 11:00:00,111.20766486936267,111.14181268000958,110.9746876059921,111.10296941591986,2780.69184709898
2026-02-08 12:00:00,111.70515646703888,111.87422677835066,111.69725735395244,111.70049273038228,5878.37786098554
2026-02-08 13:00:00,110.88680998760003,111.1052605834493,110.8710548566415,110.9388992779904,6415.030195872345
2026-02-08 14:00:00,110.57600099312509,110.95546883398275,110.45732907956955,110.6594383543546,6477.145518754148
2026-02-08 15:00:00,110.82458638892494,111.09429265429355,110.76115101543712,110.84804429188686,4493.629009411112
2026-02-08 16:00:00,111.69963227758129,111.71286939434079,111.43753405299539,111.63080630650404,4791.067603169464
2026-02-08 17:00:00,111.6527050738413,111.81515661460865,111.50539727991084,111.59793117596755,8508.14586676576
2026-02-08 18:00:00,111.2497776178931,111.58748452979385,111.19856680487115,111.32033141262094,5286.095321654461
2026-02-08 19:00:00,112.17630598007847,112.61371308328002,111.97559341669991,112.26090994734123,9889.959989234101
2026-02-08 20:00:00,111.60259286776508,111.82565339387452,111.3121549423691,111.53690299713311,4956.555070079784
2026-02-08 21:00:00,110.36526527836158,110.71358468425422,110.23846646095441,110.43750001882307,6846.228501560551
2026-02-08 22:00:00,110.6634982212577,110.86351584331126,110.36961084654268,110.65750724384975,1453.2669909405622
2026-02-08 23:00:00,110.41885559592586,110.64531133221578,110.1584192723387,110.40648013167343,6880.059319769298
2026-02-09 00:00:00,109.92706993628076,110.2208142131787,109.55120739398293,109.89586372310808,8662.837549735055
2026-02-09 01:00:00,110.33586898977595,110.3167642070098,110.09602787298928,110.25004194675776,9482.120546799666
2026-02-09 02:00:00,110.24564600995662,110.53699837092165,110.2149058014961,110.37194230364335,9975.885504757935
2026-02-09 03:00:00,109.89878705574895,110.21264611339937,110.02001391491413,110.089902988275,3539.607810843098
2026-02-09 04:00:00,109.39300606081672,109.68766610081217,109.29264886067679,109.44975078893955,6178.3305834314515
2026-02-09 05:00:00,110.06613229386284,110.2090016706447,109.58950246364937,109.88597945307961,5056.461869789327
2026-02-09 06:00:00,110.4132974520677,110.35138261338685,109.88108130483273,110.21108004205895,6074.357325176539
2026-02-09 07:00:00,110.34460982372585,110.2005225469162,109.86546159336059,110.16149211016926,2417.0766147086197
2026-02-09 08:00:00,111.06551247141702,111.24358853369066,111.06422979484803,111.0848106081931,8705.346153363473
2026-02-09 09:00:00,110.37155671683153,110.84111559823177,110.24145370376395,110.54976822503002,9186.120490101288
2026-02-09 10:00:00,109.55270172940246,110.04076862986263,109.77085750189485,109.78700563956764,5046.954968016303
2026-02-09 11:00:00,109.37964778847208,109.68387022940807,109.15123987221479,109.44105160462702,3523.8687541621916
2026-02-09 12:00:00,109.39845123343434,109.59025926626182,109.25503704910638,109.41825859644928,2267.500848877111
2026-02-09 13:00:00,109.66999086121622,109.61202524748865,109.26967498971723,109.53992832111062,7153.883423000239
2026-02-09 14:00:00,109.5060908381367,109.6708397243449,109.35255512697192,109.41931029218246,3810.0865565866166
2026-02-09 15:00:00,109.61807849833876,109.71190980943614,109.27822122716898,109.5953379904396,9185.847129220498
2026-02-09 16:00:00,108.88058380125027,109.38797795168243,108.91606575295488,108.96956827834438,7039.1122736038305
2026-02-09 17:00:00,109.59537262455653,109.94850130121647,109.55829607146633,109.69145058038102,6811.167926568166
2026-02-09 18:00:00,109.67578775989188,109.79231016092933,109.55018445396163,109.65037499118473,6034.619043084168
2026-02-09 19:00:00,110.27872800486276,110.34788438223993,110.18445139226104,110.20902290697879,1411.9870548585304
2026-02-09 20:00:00,110.4195737063922,110.57109115950628,110.17093282340879,110.38038558016764,9387.301921170283
2026-02-09 21:00:00,110.50530239378388,110.78481199754236,110.22815327796084,110.60876218974454,6651.43743969514
2026-02-09 22:00:00,110.95871259273984,111.20532920741363,110.42695530762863,110.89364582986063,9946.557850447993
2026-02-09 23:00:00,111.16009120657944,111.3361417268437,110.90778453116067,111.1175001098693,5836.207642955984
2026-02-10 00:00:00,111.33179484918404,111.5656983159122,111.12719336229631,111.43886148980306,7390.998027155918
2026-02-10 01:00:00,112.02500565783924,112.49248182338485,111.88022829107642,112.10343775486928,1505.8860207959995
2026-02-10 02:00:00,112.27054793717616,112.40662917287203,111.95181002024319,112.20169833972001,6685.625591410698
2026-02-10 03:00:00,112.53274946499968,112.83308418611117,112.390415083627,112.55620021851428,7881.8465043132155
2026-02-10 04:00:00,112.6702471015343,112.65050972062618,112.29182467882839,112.51133237137066,8006.628653673016
2026-02-10 05:00:00,113.28150390670186,113.46770254186984,112.97764310863475,113.2313909790954,7931.004870072569
2026-02-10 06:00:00,112.84453170924684,113.12430582718008,112.75104080095339,112.89319482806576,3036.543645643009
2026-02-10 07:00:00,113.79264448448207,113.80470011531155,113.60141447451046,113.79366504452116,9778.586298447033
2026-02-10 08:00:00,113.77992440846278,114.17511358024507,113.57942908109875,113.773586069199,9956.639085624449
2026-02-10 09:00:00,112.98535948681581,113.38726296423224,112.77555818640693,113.05819851813997,1680.3628764544114
2026-02-10 10:00:00,113.0309919057776,113.28253119398076,113.02885394275813,113.12225072559536,9428.017805305815
2026-02-10 11:00:00,112.85186388623887,112.87149792281234,112.5868791177187,112.78172489685792,3605.042748739324
2026-02-10 12:00:00,113.28657400105651,113.43680283273265,112.81084612444702,113.20204667135229,7203.556735758683
2026-02-10 13:00:00,112.93611282865639,113.08440445164253,112.5593286664425,112.87573468170109,4042.9982866251894
2026-02-10 14:00:00,112.80417477452609,112.88820985995002,112.31772506020484,112.6526429650937,9709.788910358093
2026-02-10 15:00:00,111.65369527601977,111.92703033924035,111.50542941560313,111.70787259962094,1913.5347247318193
2026-02-10 16:00:00,111.64914651660351,111.73234353892698,111.2496196836278,111.4817194399964,5479.721352607384
2026-02-10 17:00:00,110.17968766482652,110.61451034662112,109.96955616001163,110.26977977668193,4852.430127478672
2026-02-10 18:00:00,109.37655980860221,109.73463868545193,109.12180281198596,109.47782836493906,3934.211070501864
2026-02-10 19:00:00,109.68203980479628,109.95307014312021,109.85319598429949,109.8580356930112,6809.805917921338
2026-02-10 20:00:00,110.20635624095395,110.58719205760788,110.18247990304161,110.25093577233663,2179.501690795007
2026-02-10 21:00:00,110.41329231954616,110.82772600957794,110.13272014308885,110.46366455322911,7449.961763203272
2026-02-10 22:00:00,110.03277020968997,110.4953821551157,109.80786541724139,109.9801764816645,9825.329114243086
2026-02-10 23:00:00,109.98070989775556,110.04397140026956,109.82349288251932,109.95632080359351,8241.028430217671
2026-02-11 00:00:00,109.83522219694632,110.17880773536326,109.87993563274779,109.95451953404823,8740.150776185908
2026-02-11 01:00:00,109.33606456560938,109.38354705977085,109.23083885960637,109.37533718945195,4236.730688611023
2026-02-11 02:00:00,110.08989013822676,110.38235125597346,110.06727326867792,110.12703634033554,3923.979458330968
2026-02-11 03:00:00,110.38811926092718,110.71089745580669,110.15660805835012,110.56571748562337,5653.435192211199
2026-02-11 04:00:00,110.3571407260072,110.84757997819104,110.2574790039066,110.45523539870854,1411.5395328604543
2026-02-11 05:00:00,110.3915969551444,110.59121682120394,110.27447337238208,110.4686783182058,9508.223210108794
2026-02-11 06:00:00,110.71623222416167,110.60395141838285,110.3140620546628,110.57286972217958,2294.06655714573
2026-02-11 07:00:00,109.57114735956317,109.70487591389718,109.25576777104078,109.55200228796744,9127.11735251283
2026-02-11 08:00:00,109.49463047210187,109.43086481958542,109.13382478105167,109.42841359670713,1752.2399980032012
2026-02-11 09:00:00,108.9375579229933,109.36253141815897,108.78005927831747,109.08742147270823,8403.624349107042
2026-02-11 10:00:00,108.70603291606217,108.5931197723864,108.44969602283986,108.58661146776078,2367.662732903936
2026-02-11 11:00:00,108.5761715276202,108.64890707943611,108.27584800181349,108.4460613213178,1343.1845268232544
2026-02-11 12:00:00,109.1450700880281,109.35268576672819,109.06800141919834,109.34490458474257,7475.405052334679
2026-02-11 13:00:00,109.59479434298449,109.8332962349224,109.51806492154003,109.66532601537607,3522.387701569855
2026-02-11 14:00:00,109.42931307778622,109.74407433606513,109.1802471836874,109.37973652048467,7430.465375059146
2026-02-11 15:00:00,109.73046675651656,109.90209270030633,109.42615153472026,109.66602791116274,5995.767254255378
2026-02-11 16:00:00,110.29785615640702,110.47935626895925,110.08718712122472,110.36570562945575,1979.2665120705901
2026-02-11 17:00:00,110.79747252460676,111.02490212201822,110.80579056714915,110.82802247091213,9389.170659710473
2026-02-11 18:00:00,110.7980995497677,111.05963934307667,110.58636309088332,110.85783765587222,5070.827572871298
2026-02-11 19:00:00,110.54541107171404,110.78163230160376,110.35774167280461,110.53436926701943,7610.025500188192
2026-02-11 20:00:00,111.00319877697241,110.94679508749815,110.61273515273979,110.88348092382623,5509.185148140626
2026-02-11 21:00:00,111.00311940082298,111.33948034392184,110.80253044730162,111.0802236165371,6439.253274650842
2026-02-11 22:00:00,111.62790227632782,111.59825938971125,111.16702872043905,111.52782022655097,3724.9623312102317
2026-02-11 23:00:00,111.76723892015727,111.98241767215558,111.51006076262983,111.84540612739195,2803.2427360310526
2026-02-12 00:00:00,112.28541976380193,112.52135510080646,112.03552531879059,112.37018248505161,5883.131830672611
2026-02-12 01:00:00,112.18442434110567,112.36589756187847,111.75819784735472,112.10256487927134,4961.970756739018
2026-02-12 02:00:00,112.85345554988926,112.96352499735619,112.5321240136069,112.7612619120885,4511.018920905398
2026-02-12 03:00:00,112.94520270811095,112.91950540904907,112.65684320573101,112.86006171443469,7053.1047558516075
2026-02-12 04:00:00,113.76611240992551,113.99919283816563,113.6104104424295,113.89769215074733,7214.559688100224
2026-02-12 05:00:00,113.50650314389534,113.77296624265729,113.27989014655924,113.55309824170254,1413.2805048213675
2026-02-12 06:00:00,114.5033790024855,114.6131734090987,114.25198676695899,114.42108014328517,4048.7004481930494
2026-02-12 07:00:00,114.52418971907288,114.66212312405291,114.27955319413566,114.52003553501649,4705.880952037396
2026-02-12 08:00:00,114.08695724858951,114.34624315425806,113.99783617988773,114.19432653320926,1872.029450477513
2026-02-12 09:00:00,113.99821541009464,114.22200041589804,113.83777690702811,113.9523836161821,3123.107800284595
2026-02-12 10:00:00,113.72072923618579,113.94044070479802,113.4631638879473,113.79220996208494,1464.7761750048098
2026-02-12 11:00:00,114.18374542012512,114.19548381088299,113.79877301103289,114.0042929352859,9966.178887553186
2026-02-12 12:00:00,114.42019482554548,114.6827043381117,113.86083985353376,114.26571067930365,7629.0148267286
2026-02-12 13:00:00,114.03927041996992,114.03649241364597,113.94140990435434,113.97886067733437,1787.051408524783
2026-02-12 14:00:00,114.10278405168086,113.9814991080464,113.82236125848821,113.96668338120388,1182.244418110829
2026-02-12 15:00:00,115.04429769552215,115.31617752698966,114.83455467684072,115.0378185605098,7473.590201370522
2026-02-12 16:00:00,115.97813389499767,116.03372583943076,115.58785203579727,115.90159014556016,4952.729491144002
2026-02-12 17:00:00,116.26752400992739,116.28792822762293,115.87980504313697,116.11975198039718,8081.170381581184
2026-02-12 18:00:00,116.16330358766072,116.26063808166818,115.90770644406321,116.13875371948129,9311.284340365453
2026-02-12 19:00:00,116.17325066568898,116.37278936876366,116.11149576209583,116.19876938284041,6393.703501147353
2026-02-12 20:00:00,116.33506617338792,116.86538218041525,116.42122250892857,116.50552836920562,2683.9758062552773
2026-02-12 21:00:00,115.98581873403427,116.27434493246822,115.76188162057743,115.99413208660641,8039.746324418073
2026-02-12 22:00:00,115.94778613635097,116.15166616908344,115.80185441727657,115.86544381789474,9602.30568856937
2026-02-12 23:00:00,115.12571512371271,115.08952907537669,114.88433955598488,115.03115178095595,6222.081583539603
2026-02-13 00:00:00,115.28119984883043,115.3156479686033,114.98067160935,115.23076334225858,7137.977025526602
2026-02-13 01:00:00,115.50023140261374,115.63826917805851,115.45259373933764,115.55436131210996,4037.2722553300573
2026-02-13 02:00:00,115.11508592406551,115.431829998852,114.95223248472409,115.31276808096027,4433.749251942801
2026-02-13 03:00:00,116.05023995280482,116.39543178124386,115.7773678281815,116.09976146260529,7611.890480677575
2026-02-13 04:00:00,115.45644414399872,115.73857328267896,115.44402063093796,115.48687863110412,9349.939885661372
2026-02-13 05:00:00,114.72339829428022,114.932539864704,114.64792831531742,114.75469119099921,6660.89548501917
2026-02-13 06:00:00,114.92877273597699,115.06468707190739,114.8383393758297,114.8669171002792,8108.631176368127
2026-02-13 07:00:00,115.58903389268676,115.52157769732773,115.26872538784008,115.39046625158527,2544.715156738357
2026-02-13 08:00:00,116.24478301749832,116.45290598555438,115.95579124965697,116.23243009731421,2907.631812321762
2026-02-13 09:00:00,115.98131478696408,116.27957579382779,115.84437746010721,116.00298796587973,5788.312181500511
2026-02-13 10:00:00,116.51640620129496,116.58073970385432,116.29624865823378,116.54232838259537,2588.987730185565
2026-02-13 11:00:00,116.5355126245358,116.75303891662875,116.4753075796732,116.52307414784502,6714.955631988312
2026-02-13 12:00:00,116.35393112183978,116.73000398497008,116.15696297241642,116.43676049787462,3624.878668552291
2026-02-13 13:00:00,116.89061032249256,117.03708043772161,116.73410138941078,116.87859046661795,8123.793568002027
2026-02-13 14:00:00,117.24983313945785,117.47482196703672,117.00353493759637,117.20475190582466,8272.99311952909
2026-02-13 15:00:00,116.43752443368997,116.89802127177978,116.22584327747184,116.41655582733253,5174.087101798178
2026-02-13 16:00:00,117.20058019559596,117.34439172289679,117.08198085428471,117.15482600219548,2627.2957153387174
2026-02-13 17:00:00,117.88824644020406,118.08420238426973,117.76018011244318,117.8448716792692,6820.974649737393
2026-02-13 18:00:00,117.3549006602898,117.65828462014831,117.2353108816141,117.53209032851444,9935.083164372278
2026-02-13 19:00:00,117.79367911107268,117.94811721149335,117.49009287948297,117.72999209523314,6603.31808148271
2026-02-13 20:00:00,117.90990570380826,118.22303435087275,117.67200228421918,117.97700718837451,1321.9722164260706
2026-02-13 21:00:00,117.99776015498608,118.32682830531348,117.87487824773622,118.10734407128648,1155.6457819037432
2026-02-13 22:00:00,117.72174631157827,117.93022196239288,117.61789243088285,117.83219149436377,3883.2577344307556
2026-02-13 23:00:00,117.53973397144198,117.71701598752728,117.46898087226141,117.49637981039473,2762.0542617436436
2026-02-14 00:00:00,117.46134528217652,117.82982236877078,117.31063944457513,117.48360277489901,8317.460864289773
2026-02-14 01:00:00,117.90177040613015,118.31483086098015,117.87270571656907,118.0699672845287,8603.251003324005
2026-02-14 02:00:00,118.38957114334514,118.63796608073308,117.94645664199865,118.3417673618259,3327.5689417942854
2026-02-14 03:00:00,118.01249938270297,118.3327589987816,117.88776453257299,118.15646019578286,3930.802992549034
2026-02-14 04:00:00,118.55629168695884,118.81729957504939,118.18870343293607,118.54230955110702,3126.222709436032
2026-02-14 05:00:00,117.14188813335929,117.34596502461365,116.85828447020252,117.11803824079199,9175.442926341377
2026-02-14 06:00:00,117.78097879914755,117.79733001800932,117.563551413673,117.69242109097804,5523.84401160054
2026-02-14 07:00:00,117.00073268023567,117.05441630206887,116.610851779974,116.82256420158899,6905.233396738179
2026-02-14 08:00:00,116.50487609829737,116.74217406454339,116.417721366261,116.64134373088743,4739.33878029643
2026-02-14 09:00:00,116.07626139796804,116.21822075608587,115.97542434055141,116.08150878357435,6679.12774154078
2026-02-14 10:00:00,115.40653451620948,115.65310087644315,115.27260678337319,115.4341680457139,4472.698390495625
2026-02-14 11:00:00,116.05795640799926,116.24430586674117,115.83515813877088,116.01458143940316,4057.105939563029
2026-02-14 12:00:00,115.80229771584058,115.8618075922395,115.4201688554907,115.78073083874722,6710.320658561322
2026-02-14 13:00:00,115.91872815533891,116.25938135673086,115.94590872707347,115.95398277961257,6319.558702440903
2026-02-14 14:00:00,115.8864322713119,116.18772311800303,115.60994064810139,115.93052249017299,3641.751587511547
2026-02-14 15:00:00,116.05739781826614,116.29857006022345,116.06272242728048,116.16904290378454,2344.1360528752607
2026-02-14 16:00:00,116.30624000755533,116.25369536966976,116.14466176804163,116.20745384931467,4317.190244543239
2026-02-14 17:00:00,115.61187815538034,115.75146727931224,115.24796352421654,115.56595773722039,4736.778752277183
2026-02-14 18:00:00,116.15586796672346,116.21949677555783,115.79090134002051,116.06409114694395,6658.159000821443
2026-02-14 19:00:00,115.78617324171574,116.0285269010686,115.49176098512518,115.8172128553633,9230.758872731774
2026-02-14 20:00:00,114.97323835916399,115.20261023991786,114.75885171127887,115.03892190603342,1325.6631777963262
2026-02-14 21:00:00,114.71703281888755,114.82561001162496,114.41887982537672,114.82486432555046,3192.9491128766044
2026-02-14 22:00:00,115.6111359792417,115.73640952703751,115.31937183717318,115.57524422086763,2743.443480516043
2026-02-14 23:00:00,115.89637576947155,116.16979318081755,115.81600282953669,116.00035509192438,5520.649678244053
2026-02-15 00:00:00,116.01089533161709,116.08939512719785,115.5917363869883,115.82602902472044,4867.3072633884385
2026-02-15 01:00:00,115.52063591445189,115.78158020510011,115.32705325972663,115.65140017256122,7561.338614381696
2026-02-15 02:00:00,115.51794865887378,115.8584501142898,115.36852017947854,115.49058264695253,3181.7432129037743
2026-02-15 03:00:00,116.68564210945434,116.53779258366778,116.39414549698608,116.52895663873295,6350.485291747827
2026-02-15 04:00:00,116.77983334077511,117.051041114629,116.55082036630853,116.71992436484874,8954.715372399634
2026-02-15 05:00:00,116.95251255969343,117.11251329135645,116.92448690856773,116.93494518844426,9196.099659264743
2026-02-15 06:00:00,117.353238550764,117.73604540269454,117.23627907461844,117.45008691546019,9629.06144252528
2026-02-15 07:00:00,117.43130457611667,117.77746164337931,117.55809436536855,117.56948149497345,7959.350368719897
2026-02-15 08:00:00,117.51696543295485,117.75391597566565,117.23465449076983,117.4399604220631,9153.891156330235
2026-02-15 09:00:00,117.4924002215981,117.50304930106532,117.05525652190708,117.3417854975206,3110.777847867468
2026-02-15 10:00:00,117.26209986876576,117.39612282529579,117.15367251387796,117.30598486781358,2778.2284991542933
2026-02-15 11:00:00,117.17346759879702,117.62942417828576,116.91966216253996,117.28737374955865,1058.392754024738
2026-02-15 12:00:00,117.40537157832225,117.83984045678893,117.597238611319,117.65118852137715,7361.599216861885
2026-02-15 13:00:00,117.57908497991454,117.89931731164322,117.35803539611761,117.6771614642808,9437.204690323699
2026-02-15 14:00:00,118.03211581863867,118.36695669429307,117.77596779724789,118.04348150288858,2682.4181053750876
2026-02-15 15:00:00,118.16303553691796,118.09992768862485,117.97472653766535,118.00312321283428,6732.49217884191
2026-02-15 16:00:00,118.10975417721563,118.30198989775626,117.57136137808828,118.04244080799234,7718.137832995998
2026-02-15 17:00:00,117.07384900619697,117.18435099008,116.84971499427668,117.04334046572629,9348.528116332509
2026-02-15 18:00:00,117.46149233694742,117.68828736751308,117.38925270529309,117.50150430307752,6821.742016154994
2026-02-15 19:00:00,117.61643196930092,117.88197643756494,117.61545726050493,117.67474854102652,9732.64359473877
2026-02-15 20:00:00,118.31431835570714,118.22373140981165,117.99575539872231,118.17375359595634,4102.05826911293
2026-02-15 21:00:00,116.74569976093534,116.84774220257746,116.5383665940985,116.7256259068595,4149.356803942669
2026-02-15 22:00:00,117.55955319005776,118.10492054849117,117.55954870639589,117.76981325924986,5887.112590129111
2026-02-15 23:00:00,117.63266448038256,117.98863756403075,117.52979806079468,117.70001844517228,4451.516930043164
2026-02-16 00:00:00,118.16828825036387,118.44784589580831,117.99078732252953,118.25410985354104,1012.8315545877936
2026-02-16 01:00:00,117.67953048906053,117.95846923582955,117.57291987324459,117.73415688997827,7585.948225782886
2026-02-16 02:00:00,118.09683490853806,118.2111195919459,118.0340402542336,118.04054384250955,7765.453373306351
2026-02-16 03:00:00,117.5030915727433,117.84949439950553,117.32877221048768,117.51383606092273,7722.771442180934
2026-02-16 04:00:00,117.19426503987445,117.38191632279539,117.16520381523749,117.20195158057481,4105.1859994942
2026-02-16 05:00:00,118.29031457364073,118.3821514667217,117.92359019441906,118.15896725750821,5700.605259800547
2026-02-16 06:00:00,117.99397994814787,118.37822907154074,117.9615560801548,118.06362605712654,4239.761663590025
2026-02-16 07:00:00,118.35876244630514,118.29460534523182,117.95600645822482,118.1723424937164,1144.3276002758118
2026-02-16 08:00:00,118.54024559992367,118.96325527751047,118.27596886090832,118.60737635906078,6062.040471442769
2026-02-16 09:00:00,118.86413712270834,118.90217116207275,118.75009217257389,118.85521730304708,2113.8459947560996
2026-02-16 10:00:00,118.90230639607859,119.29339096873015,118.62430112976766,118.93042675561887,1720.3719168229654
2026-02-16 11:00:00,119.12524917020208,119.27563969845679,118.9562462135206,119.11290725685198,7799.491618271085
2026-02-16 12:00:00,120.35907424897843,120.49034517468858,119.93929556926456,120.31461504947112,1085.5558217629507
2026-02-16 13:00:00,120.32918917496322,120.29680463383603,120.12232091227415,120.28580565095433,9631.075992478536
2026-02-16 14:00:00,120.31104344124977,120.54087570257404,120.27040447286248,120.38635517431182,5637.298277013192
2026-02-16 15:00:00,120.79939090457087,121.00770171921293,120.6429585272761,120.91168237231562,9847.147876355335
2026-02-16 16:00:00,121.71476251788518,121.60368070425726,121.30802431175697,121.4644453387946,1521.9781522543758
2026-02-16 17:00:00,122.00956205761473,122.2442293949959,121.9421054429877,122.05796049157479,6251.765939793219
2026-02-16 18:00:00,122.4472468464566,122.67310476403668,122.22510958765977,122.3773256025894,4143.943323783201
2026-02-16 19:00:00,121.64505901517182,122.0265834813642,121.61028379944244,121.80582314622414,8591.342435328572
2026-02-16 20:00:00,122.59457764038423,122.8533065777148,122.28832089925021,122.6225389123747,4251.004617108577
2026-02-16 21:00:00,122.0366462774671,122.13981427698079,122.0427749904113,122.04936621586535,3344.388211516142
2026-02-16 22:00:00,122.24796545547765,122.31260853952459,121.99837588258983,122.20068394848487,8717.97814389922
2026-02-16 23:00:00,121.551300609376,122.20341852531033,121.56105566400979,121.82354602347519,4371.877824879349
2026-02-17 00:00:00,121.80809091148653,121.91795674670237,121.57213199267952,121.7914768501787,1151.4998787450531
2026-02-17 01:00:00,121.84088390979363,122.32147888053615,121.62487153838707,121.95585805533042,4512.601907554004
2026-02-17 02:00:00,122.14897123417506,122.29223054316748,121.92397119603142,122.11653666305557,6890.700421098477
2026-02-17 03:00:00,122.2238641204894,122.52772583378757,122.1459521843918,122.32749704017321,3289.2358492574367
2026-02-17 04:00:00,123.04880440510998,123.44138919072553,122.87511972000121,123.13435267470254,4887.888331826415
2026-02-17 05:00:00,123.3337570644202,123.68830906765339,123.15118844396439,123.36111982545953,1510.4362445400297
2026-02-17 06:00:00,123.13380856085388,123.42796025178629,123.07808238164225,123.23904150781419,6292.835123625615
2026-02-17 07:00:00,123.67353164728483,123.88226078660622,123.46947068799973,123.72108509195837,7806.654314743544
2026-02-17 08:00:00,124.19648275956636,124.51022829156848,124.18107316574236,124.3158203364207,4719.813052609992
2026-02-17 09:00:00,123.51869938368233,123.93581218167542,123.56313414405413,123.7020164288522,4782.093695213141
2026-02-17 10:00:00,124.10251216902007,124.28984683246411,123.8535158659537,124.00071646377714,1794.542487264248
2026-02-17 11:00:00,124.2216979656502,124.551725820832,124.01599591891595,124.35130283493258,2817.467780607843
2026-02-17 12:00:00,124.1846529944918,124.4644097130549,124.08041944765402,124.20252108325259,2392.077728151214
2026-02-17 13:00:00,124.96566359805777,125.2542104631355,124.6508146064321,124.8903744899084,5335.189917953841
2026-02-17 14:00:00,124.75385228614054,125.05347765761861,124.61191951497212,124.81534669639214,5763.299868556751
2026-02-17 15:00:00,124.79561833315334,125.10930020872838,124.84622196905171,124.8781349231279,9540.46118155834
2026-02-17 16:00:00,124.81422281985272,124.83970792847697,124.56062633307238,124.79159901098598,1659.0835384951051
2026-02-17 17:00:00,124.91118191704942,124.86246154845962,124.55181333559355,124.79938853477671,6398.8117583954245
2026-02-17 18:00:00,124.13431946482045,124.49008856425212,123.99228706819336,124.2512509913291,5738.486745954172
2026-02-17 19:00:00,123.51621076683021,123.72174312690387,123.46604274372747,123.53122555003196,5646.097881422463
2026-02-17 20:00:00,124.15522862214772,124.47699981415298,123.991839140459,124.32847808164445,8858.433586445439
2026-02-17 21:00:00,123.86567730711707,124.12935042790392,123.77877107795376,123.90499740748528,2849.846236259378
2026-02-17 22:00:00,123.41272170121094,123.60326085983743,123.14064445808181,123.40930123275713,1366.9594690723432
2026-02-17 23:00:00,122.24714371177977,122.64538420101867,122.05849879788705,122.33260617595528,7050.443568707733
2026-02-18 00:00:00,121.967426118728,122.22173638893642,121.90079501067245,122.01312530211052,4106.417177223821
2026-02-18 01:00:00,121.21075772857601,121.47688807689974,121.0855344101716,121.35158040540676,1158.3092459127213
2026-02-18 02:00:00,122.1802958466131,122.47160460937089,122.0111373095662,122.17258798547496,3262.3660656137245
2026-02-18 03:00:00,122.78306595503459,122.85578342265165,122.67035881221246,122.67749653014627,3783.940967951307
2026-02-18 04:00:00,122.22370697058037,122.58607502592464,122.01664716500463,122.33342135755741,6551.545391058178
2026-02-18 05:00:00,123.39737208357433,123.61189818961029,123.33714375653119,123.45963926022957,2553.272146443449
2026-02-18 06:00:00,124.00077662837077,124.08553931517561,123.83597134999916,123.95052200372535,4717.489131580583
2026-02-18 07:00:00,123.90931538390332,123.99652313498962,123.62841289877473,123.78810631197105,5342.278999760492
2026-02-18 08:00:00,122.38908447331337,122.73968631888863,122.31117978200152,122.53840345453426,5133.136522276818
2026-02-18 09:00:00,123.66699626708804,123.93185744436632,123.48960178191184,123.68387474082964,9765.466900001036
2026-02-18 10:00:00,123.01740158967978,123.16222393211686,122.73428181497711,122.98908850744783,1409.538140112665
2026-02-18 11:00:00,122.1561834949065,122.18275315559235,122.10033807062226,122.16638913396939,9558.713678071594
2026-02-18 12:00:00,122.4299951432865,122.83439696161537,122.55191298701729,122.67767434997421,6237.4349259463
2026-02-18 13:00:00,123.94765955407472,124.17693239985823,123.70915026037599,123.89755055314384,8161.549434728545
2026-02-18 14:00:00,124.74162059750816,124.75994935447478,124.19989823313323,124.5896869623991,4873.533562144678
2026-02-18 15:00:00,124.88330769754224,125.04700318217382,124.68302277626665,124.87164152242528,5084.540931312824
2026-02-18 16:00:00,125.0659080879285,125.46765634384852,124.86049646689176,125.16901869325793,8913.938491142413
2026-02-18 17:00:00,125.54441374801165,125.72452914992219,125.39187095576965,125.59572647264808,9063.41046662712
2026-02-18 18:00:00,126.15218207430702,126.02091044571718,125.82355663128521,125.97519076754146,3148.1999328816787
2026-02-18 19:00:00,126.2067827336122,126.2997233675736,125.94045892193759,126.11578647952615,2793.1769072615634
2026-02-18 20:00:00,126.23188969334052,126.31946963637722,125.98472900270498,126.16788703150209,5466.11656482956
2026-02-18 21:00:00,126.17223172590576,126.239965835577,125.87622589365625,126.13659046755232,9102.493244149226
2026-02-18 22:00:00,125.69349446189987,125.94207032752911,125.42214704636132,125.75960817311898,3901.195840655587
2026-02-18 23:00:00,125.59921351662001,125.86842119941026,125.38330254991696,125.61927063468559,6868.131538052182
2026-02-19 00:00:00,124.76499995402004,124.97186337143111,124.45408445971373,124.7727922275879,7373.36518966541
2026-02-19 01:00:00,124.77857984579697,124.95432052145915,124.6201013879535,124.72362241419053,8008.071984047402
2026-02-19 02:00:00,124.38021875004176,124.61066763046662,124.07078991149648,124.22932686061507,6075.320121288669
2026-02-19 03:00:00,123.7893660156865,123.84324431585144,123.54996245542796,123.67753220200719,4622.096604510726
2026-02-19 04:00:00,123.62554084200433,123.9953141410484,123.53603481849645,123.76747927758393,9703.143899190756
2026-02-19 05:00:00,124.48587991764633,124.61255908449631,124.29937625927417,124.46348042075623,6501.9767797256745
2026-02-19 06:00:00,124.99631505827418,125.03800275176869,124.64966143005397,124.92263872375739,7557.086904699438
2026-02-19 07:00:00,124.19927445496025,124.27889765660402,124.03048859310903,124.13738842194579,4104.845611262905
2026-02-19 08:00:00,123.57965097732188,123.79469849650845,123.43827125632849,123.64257435366062,7029.542629027721
2026-02-19 09:00:00,124.40437086923157,124.34890752740944,123.84427415655351,124.11295994765473,3320.178959477133
2026-02-19 10:00:00,123.49400779465248,124.05662382955566,123.61518597338153,123.62171625088558,3205.8722577577255
2026-02-19 11:00:00,123.40108083122047,123.63779533225949,123.09723654515405,123.50939967588707,7432.499816284837
2026-02-19 12:00:00,123.80778523352551,123.9427631948378,123.61274091388734,123.78442572539934,5692.552626366416
2026-02-19 13:00:00,123.51193380346392,123.49394119665641,123.29774950659991,123.30025349796753,7149.489493801508
2026-02-19 14:00:00,123.26932176597009,123.59252113591148,123.13713186118282,123.3529412510405,3424.946416732825
2026-02-19 15:00:00,122.65934566701671,122.91228358477689,122.4825841567841,122.68592850358141,6388.510069510574
2026-02-19 16:00:00,122.49297404890737,122.71365426100061,122.19343411956305,122.3852446816058,4995.402847328013
2026-02-19 17:00:00,122.5433494331883,122.5877748557306,122.2460165373844,122.54513564867707,6372.642581609752
2026-02-19 18:00:00,121.71517839645821,121.78733176893081,121.47389428476853,121.74863878191124,3617.9175901979743
2026-02-19 19:00:00,122.02543944108011,122.11928833369042,121.73908853178905,121.96887615089143,7439.058672842115
2026-02-19 20:00:00,121.98630905045106,122.26878727018246,121.71404168803343,121.95905725142809,8253.364295435189
2026-02-19 21:00:00,122.33834610720035,122.27873742547611,122.04573807358048,122.23530222863667,3339.248264719513
2026-02-19 22:00:00,122.47640618457554,122.44802252963838,121.969710210745,122.347259295669,3705.5850387007786
2026-02-19 23:00:00,123.06002981665645,123.28644745127784,122.97724911249169,123.02932951065591,6950.388427471837
2026-02-20 00:00:00,123.12111503451771,123.31630748435015,122.87797659455829,123.09194176197988,7260.266568731898
2026-02-20 01:00:00,122.89865008964586,122.9682181507373,122.67073652829836,122.87723899141724,7336.897159577051
2026-02-20 02:00:00,122.98730079859831,123.0398337828613,122.65705970232693,122.93838774293339,7144.2865429825315
2026-02-20 03:00:00,123.21555382123873,123.31306238548811,123.09442214519406,123.21003675745158,4535.269452572849
2026-02-20 04:00:00,123.2344059443822,123.44552032436182,123.20883405285409,123.23446679261443,4553.683069633105
2026-02-20 05:00:00,123.3744253502991,123.39213111059807,123.03908033660656,123.25476263821638,3293.3586127994326
2026-02-20 06:00:00,123.0553784123485,123.15317318621055,122.67564374509114,122.903766794313,2411.5032990672667
2026-02-20 07:00:00,122.42156104107418,122.65777900182796,122.22335639459276,122.57231633553752,7233.196414572151
2026-02-20 08:00:00,121.87201581481173,121.9853285131249,121.79804990427019,121.87101369963767,1838.6990737508156
2026-02-20 09:00:00,122.67693262788661,122.83319667514003,122.43033269455947,122.74580207123114,9440.130581081035
2026-02-20 10:00:00,122.0927733068869,122.29823638569826,121.68712901713279,122.1238704535355,8440.176733043063
2026-02-20 11:00:00,121.81766947561108,121.92361307878853,121.6151943433898,121.77741785463755,8717.551659615305
2026-02-20 12:00:00,121.48515805900719,121.69799859984252,121.34730844380228,121.41821422185295,9160.019331536712
2026-02-20 13:00:00,121.85446376596403,121.87974273315916,121.7063738469625,121.86567641032516,4677.444736509161
2026-02-20 14:00:00,121.52686753770688,121.92275071881222,121.51680107444201,121.71820157117915,8620.306510153609
2026-02-20 15:00:00,122.2455680494584,122.59790624983718,122.08569382001532,122.34207260751602,2422.551702624844
2026-02-20 16:00:00,122.0949772624141,122.39099203905027,121.86446676837788,122.00532729539408,1194.776151474121
2026-02-20 17:00:00,121.8707817343025,122.29664777939665,121.78930452309126,122.144824376506,8064.022551974652
2026-02-20 18:00:00,121.8458935650443,121.95959671031136,121.63860408137691,121.72715084987611,1673.1698319724537
2026-02-20 19:00:00,122.85184841282725,122.81933913450656,122.77364592898007,122.7997254137628,9896.722005933294
2026-02-20 20:00:00,122.33754381240105,122.24512182467934,121.8952551618193,122.20592620424804,7073.167866414004
2026-02-20 21:00:00,122.34097964067347,122.64531399693973,122.33337445624093,122.36083655936156,7781.04739217895
2026-02-20 22:00:00,122.47158445742531,122.87716897046279,122.49813797671487,122.6777249998276,3212.2347065007934
2026-02-20 23:00:00,122.92766081270399,123.20247581753318,122.37285643563254,122.88462454855335,7064.788545277193
2026-02-21 00:00:00,122.91944603151833,122.85464043021753,122.5931850744105,122.7919807191145,1388.9794352946149
2026-02-21 01:00:00,122.81954254979912,122.97906058320066,122.63914713431741,122.72707036924778,8540.431479312409
2026-02-21 02:00:00,122.68270695688854,123.13585788929173,122.55471585161602,122.74897610523735,2526.616837284152
2026-02-21 03:00:00,122.68415121196936,122.91744566525882,122.48055518328505,122.6754751044231,7276.222601503935
2026-02-21 04:00:00,123.10413103594256,123.38507281337967,122.94134966878525,123.15741466282056,3020.324511094555
2026-02-21 05:00:00,124.18074951719728,124.46353177169865,123.99644986540025,124.26267616361622,1616.0785248343846
2026-02-21 06:00:00,124.0794691282303,124.02684212539972,123.88784138794908,123.98393027111231,5333.443106944548
2026-02-21 07:00:00,123.17927555019627,123.6345860748938,122.9302739757991,123.29902878132278,2523.575892455105
2026-02-21 08:00:00,123.16550611408898,123.39380199316663,123.03037632870988,123.25488775714715,7564.995894938948
2026-02-21 09:00:00,124.43433986262707,124.79519075161261,124.27206302133412,124.5447424259743,3138.092590451364
2026-02-21 10:00:00,123.99388038965954,124.18660171133232,124.00572008196501,124.14290514198944,4082.2530061224597
2026-02-21 11:00:00,124.97710497389575,125.04451757826071,124.63382533101193,124.96246354471148,6106.953261380257
2026-02-21 12:00:00,125.9174642565979,126.14482269167192,125.627019192631,125.80131395174969,3564.714498195804
2026-02-21 13:00:00,125.50603215527117,125.68978960199992,125.29676457954635,125.5245198308957,4401.893045889655
2026-02-21 14:00:00,125.65843659043192,126.15433891809259,125.70232197820705,125.80901137048834,8340.59593936348
2026-02-21 15:00:00,126.7072041360268,126.81538661614675,126.52290284469282,126.6232096820526,2612.8886460492313
2026-02-21 16:00:00,126.60221598696236,126.44945603426308,126.16482528091358,126.43364581155886,1739.814305337403
2026-02-21 17:00:00,126.26723139909302,126.62106239148085,126.17621631452842,126.33185563150768,3955.2200661971733
2026-02-21 18:00:00,125.99315974786158,126.18202594275779,125.9263974832838,126.04101517453336,4819.390903124903
2026-02-21 19:00:00,125.58520287219527,125.80350569053863,125.39795514338964,125.53363680918693,5883.933539229109
2026-02-21 20:00:00,125.37118541143244,125.41151912340793,124.93910272948219,125.20899803665392,4351.813265575063
2026-02-21 21:00:00,124.54504448870027,124.64271608047851,124.45993168939314,124.59702790327279,8109.205302005246
2026-02-21 22:00:00,124.48082465930258,124.83049911393947,124.42583513056263,124.61406963740241,1353.8753890162593
2026-02-21 23:00:00,124.29222488250032,124.64870533608836,124.02758024684437,124.22908302187308,4885.907843787021
2026-02-22 00:00:00,124.42588278508269,124.5952746236199,124.33771086636949,124.34597597776846,4440.303231907642
2026-02-22 01:00:00,123.56864129971017,123.7622763793661,123.515140795204,123.56802815466665,6828.206417261731
2026-02-22 02:00:00,123.67765494480813,124.04100261096956,123.49984048184912,123.73346827077387,9696.486267076563
2026-02-22 03:00:00,124.24967062467753,124.37129959809864,124.0239356876936,124.15023275157833,5593.378659659759
2026-02-22 04:00:00,123.2061685307474,123.37431835331888,122.84769243916458,123.15336493029261,9881.891622475485
2026-02-22 05:00:00,123.26354966352605,123.43123069800049,123.04371250479134,123.3403932152164,3720.244554218777
2026-02-22 06:00:00,123.9591371845836,124.17761251403199,123.68231084481748,123.95422771145303,1277.8131928821492
2026-02-22 07:00:00,123.21423644890497,123.65295154374913,122.96743002337617,123.34940720210743,2490.9685072877146
2026-02-22 08:00:00,124.25428244117008,124.30208718031628,123.99400232830061,124.18569339552629,4556.123962971105
2026-02-22 09:00:00,124.36897954327102,124.73765248233401,124.13031470761892,124.39520290020931,3847.0051826969698
2026-02-22 10:00:00,123.99912588909163,124.2335263699156,123.90113706998972,124.0426969723301,1873.487178850399
2026-02-22 11:00:00,124.01152498498601,124.12603548234739,123.56957544221437,124.01481243350125,4893.940969216452
2026-02-22 12:00:00,124.29800665969513,124.59373909745413,123.89561252451851,124.29397588976211,4043.0419449360647
2026-02-22 13:00:00,124.42147159162487,124.50329916189447,124.13079054201653,124.3319785854683,2103.572984116946
2026-02-22 14:00:00,124.66046563482402,124.87730807044012,124.36269795870099,124.6013565816915,3665.0541755071804
2026-02-22 15:00:00,124.12537885727254,124.31184392192596,123.80509002521534,124.14101978515181,8977.924498198514
2026-02-22 16:00:00,124.30206701214176,124.41971758281687,124.04041414765126,124.22570019716986,3718.4397894040617
2026-02-22 17:00:00,123.55891667408652,123.76819896915079,123.38450535579733,123.51884294871736,7425.598809178465
2026-02-22 18:00:00,123.4205699544144,123.692319623802,123.17583094294233,123.46322991804301,6508.4237169198
2026-02-22 19:00:00,122.99880428148697,123.01172291926544,122.80343217270224,123.01127609731061,4844.630461675346
2026-02-22 20:00:00,122.62868883713142,122.7313867520063,122.42521168105121,122.64351112601574,3151.2307312330227
2026-02-22 21:00:00,123.31208384793838,123.55449871210004,123.14498484792776,123.26155771362096,4321.132294113509
2026-02-22 22:00:00,123.77051051244592,123.99399911502793,123.77897998875441,123.80721277391808,6328.964921239385
2026-02-22 23:00:00,124.07274091572951,124.25940870409453,123.88816759338376,124.11178183437167,4156.778932744194
2026-02-23 00:00:00,123.76250118297878,123.62976805050964,123.27512924788597,123.56562545203539,2934.067902168086
2026-02-23 01:00:00,123.5013947753627,123.4994475950604,123.23000190209558,123.40742122718798,2048.164740024689
2026-02-23 02:00:00,123.93791001073507,124.01614994117377,123.67032712522169,124.01397007717758,8917.902441186088
2026-02-23 03:00:00,124.14192263339174,124.27470046212737,123.95522016653908,124.08482853399752,4962.816781767151
2026-02-23 04:00:00,125.2563283105539,125.38464954593027,125.14996374948497,125.24449330398838,6626.87489568637
2026-02-23 05:00:00,125.48030734121157,125.54449343458703,125.24787525440517,125.44115222368556,5413.6932502312475
2026-02-23 06:00:00,125.55091091438709,125.73036443941379,125.34543603946571,125.53717678193058,8853.09866522167
2026-02-23 07:00:00,125.50158281437784,125.6190156129146,125.10562167669579,125.38261854982932,5922.4136720338975
2026-02-23 08:00:00,125.48395103668561,125.85870879544146,125.32688528462687,125.44938900222047,5327.03276154202
2026-02-23 09:00:00,125.36694521420876,125.42196574207387,125.0363446603487,125.37315408403019,9321.408913795414
2026-02-23 10:00:00,125.83142748007279,126.04314652670455,125.33051672612366,125.72720842237449,7477.206364408191
2026-02-23 11:00:00,126.22888808488057,126.50286973687328,126.00947398346861,126.20555958077178,2003.949166121716
2026-02-23 12:00:00,125.8247127084507,125.93465557658013,125.48759380849937,125.8125648505178,2599.3401507713265
2026-02-23 13:00:00,125.17835063398752,125.36727196919752,125.05259808080143,125.14694837373891,8084.105766454977
2026-02-23 14:00:00,124.21948478485062,124.3830823622535,123.92132353306907,124.22884568718726,8522.661890619589
2026-02-23 15:00:00,124.48376404994309,124.70141020868542,124.1781137097876,124.48284135064354,5906.717461812668
2026-02-23 16:00:00,123.87248858868043,124.28207114889706,123.64481431953762,123.93115804755661,5990.097050799754
2026-02-23 17:00:00,122.77959602911797,123.11527337434349,122.65626905996739,122.85471275108036,6687.396665663001
2026-02-23 18:00:00,122.9491450146976,123.29986289066919,122.95357715922164,123.04900205334584,4952.0419685437555
2026-02-23 19:00:00,124.15630348338253,124.45247088006678,124.15967452642745,124.29550181206224,7121.792111355136
2026-02-23 20:00:00,124.20449462015384,124.34406068979986,124.15505795806075,124.2924663562923,1976.3313180977411
2026-02-23 21:00:00,124.69428504007142,124.89086492246406,124.60953723732416,124.71171174351811,9651.513181306478
2026-02-23 22:00:00,124.76293818103646,125.07328723827828,124.54040212233718,124.75262642279189,7751.393414154295
2026-02-23 23:00:00,124.67605193988155,124.75046481053735,124.54507794074844,124.70318159619632,6680.5678360810625
2026-02-24 00:00:00,124.92714948867747,125.25721090087254,125.04518103866671,125.1627198376902,3846.898513085326
2026-02-24 01:00:00,125.17504120137212,125.2302093392193,124.92346258042068,125.01758256559589,2448.5993871105625
2026-02-24 02:00:00,125.25992673492088,125.25281324414712,125.02283002118037,125.15127872263184,4684.086674460502
2026-02-24 03:00:00,125.35670361085155,125.43287528101833,124.99997770454485,125.31212762572984,6954.190665166526
2026-02-24 04:00:00,125.16883146616365,125.13572254073551,124.84418490437108,124.97808239890833,6703.387690807998
2026-02-24 05:00:00,125.37636716192821,125.53754183325758,125.32559744431991,125.47410357367659,4443.770395590143
2026-02-24 06:00:00,125.57538620739147,125.48921151070724,125.2322934568312,125.38662369532888,6519.577544498168
2026-02-24 07:00:00,124.9122297079074,125.27909390726118,124.77485176420151,125.00875111558246,8323.734660107928
2026-02-24 08:00:00,125.30087982989679,125.34626905914456,125.0313810885148,125.27700603736766,1236.5629510384636
2026-02-24 09:00:00,124.70038831395873,124.86798483302266,124.72330639254783,124.82777204647215,5055.589431372481
2026-02-24 10:00:00,124.84333203471114,124.97886012720332,124.53969910377394,124.84186262515671,7826.997056201119
2026-02-24 11:00:00,124.87591977663443,125.11049867708559,124.49366632341022,124.8373031268346,5915.300234170395
2026-02-24 12:00:00,125.36478187663693,125.5605587289507,125.28526956348655,125.38025090975039,6863.28479136163
2026-02-24 13:00:00,125.68898777059937,125.7711419183788,125.51482985066384,125.61760002619036,5650.087533448078
2026-02-24 14:00:00,125.61498799176653,125.80952242656936,125.45011188559563,125.6050865468178,9926.8709021408
2026-02-24 15:00:00,125.9617282235802,126.03939895313198,125.8895700983636,126.01396969641794,1491.5938284013441
2026-02-24 16:00:00,126.65239213914636,126.9585440363041,126.48668078353194,126.7090734709266,5419.403395951395
2026-02-24 17:00:00,127.0690700013641,127.2263221272429,126.9826311527384,126.98797862410252,1822.7489420306592
2026-02-24 18:00:00,126.92778073104353,127.15222408661465,126.9049476948279,126.99315493402422,2438.0700590221336
2026-02-24 19:00:00,126.42877711489763,126.63782926902877,125.98331709783164,126.33723681784913,4447.345153764357
2026-02-24 20:00:00,125.92695116559463,125.89193037641614,125.69750198304624,125.80467998631144,2399.8608235043857
2026-02-24 21:00:00,125.4851962478995,125.96485853345948,125.32772480632381,125.65206763413411,9673.184493609859
2026-02-24 22:00:00,125.46060417178458,125.562760899614,125.11177771349547,125.34731153305448,9521.107990526432
2026-02-24 23:00:00,125.45986815140623,125.42017062257393,125.23475265302058,125.25382588156175,4024.986815985434
2026-02-25 00:00:00,125.3073512201305,125.48016348047348,125.01861792448868,125.2821508440103,6757.729408339116
2026-02-25 01:00:00,125.60690563971816,125.73627074460758,125.35876395140797,125.54699722118868,5803.779885344075
2026-02-25 02:00:00,125.61544836459605,125.83377612180091,125.3572945377841,125.51174783215913,8340.282824641918
2026-02-25 03:00:00,125.72745042255433,125.84733074132512,125.53050294475503,125.75499865407222,6647.01048835248
2026-02-25 04:00:00,125.80546388383107,125.91098393756262,125.5397725129206,125.78723586147728,1002.272090415059
2026-02-25 05:00:00,124.66808262533804,125.1031328675076,124.52874339610288,124.79950257830035,7868.56947048765
2026-02-25 06:00:00,124.34369838424402,124.47028138787259,124.01200959663618,124.32983488139098,7721.633091665063
2026-02-25 07:00:00,124.30760230309463,124.54784441126333,124.01697751225232,124.25779110353017,5587.504350098329
2026-02-25 08:00:00,123.70456003440225,124.02288733041047,123.59050714098824,123.6529437321096,9126.270759097484
2026-02-25 09:00:00,124.05945056946749,124.11272859441355,123.80027264287284,123.95290809710772,9176.015851213615
2026-02-25 10:00:00,124.64080329546601,124.9864197459371,124.2239786797527,124.71828351327957,5715.205090339575
2026-02-25 11:00:00,125.27440376346088,125.41229521099424,125.05521533309006,125.32766443912823,6471.894080768839
2026-02-25 12:00:00,125.41049373826226,125.49641633346991,124.78401427358197,125.22094300366312,9968.698647322051
2026-02-25 13:00:00,125.95127323471172,126.18624847068676,125.62676266386816,125.96630607208809,3689.3821133027577
2026-02-25 14:00:00,126.06064317942038,126.28794362890517,125.81645959353358,126.04063980068915,3921.5551808032965
2026-02-25 15:00:00,125.86539581095761,126.00753960792659,125.64195610815203,125.87209681513013,2644.965123971467
2026-02-25 16:00:00,125.48322740072915,125.59928714180293,125.36905348734733,125.56539548335965,9062.802452420812
2026-02-25 17:00:00,125.57651356120478,125.66448584659055,125.38794110170025,125.4141606401156,7700.395509543397
2026-02-25 18:00:00,125.16730208965292,125.22641254609292,125.01826750559816,125.22007223084498,1950.785639832177
2026-02-25 19:00:00,125.19255178966202,125.47354529280847,124.9842128867785,125.30528034203272,9835.906160781691
2026-02-25 20:00:00,125.34049330482738,125.67968551919965,125.24553133203977,125.38556733255766,7578.655373450045
2026-02-25 21:00:00,125.18691974246181,125.60628011622167,125.14589504272818,125.38709034263437,8654.698986444771
2026-02-25 22:00:00,125.54043068100921,126.00039369198652,125.3204003229182,125.60555942750753,1433.3571025588083
2026-02-25 23:00:00,126.10406970511548,126.50339348015889,126.09185060883196,126.20088256490071,5544.648270479509
2026-02-26 00:00:00,126.73740249571411,126.81026979378882,126.52078991905574,126.67565963262138,7287.384580543354
2026-02-26 01:00:00,125.86586922444044,126.13594198638157,125.83500179744414,125.93321064839643,5886.519261146572
2026-02-26 02:00:00,124.74503047450332,124.851513010691,124.53846664161438,124.65625008094544,6999.827191293497
2026-02-26 03:00:00,125.263258435872,125.16519236023046,125.05217056493038,125.12341003656508,8360.866572314253
2026-02-26 04:00:00,124.51808822098613,124.54593079570894,124.33001553349517,124.43997068735737,4369.033566641766
2026-02-26 05:00:00,124.30604915752502,124.47151189571305,123.98564241833125,124.32758798641103,8638.018080568387
2026-02-26 06:00:00,123.75664292305191,123.74615352366695,123.63407917629037,123.74253147338135,2466.2449428876166
2026-02-26 07:00:00,122.68904276057692,123.0462906014165,122.62889533268526,122.84154125459133,3437.9744952373726
2026-02-26 08:00:00,123.09889468144159,123.28736543422842,122.96255949406081,123.11227261869372,1390.110579345932
2026-02-26 09:00:00,123.40580635203835,123.52456080871389,123.17396360514135,123.49185019884504,4279.84130201726
2026-02-26 10:00:00,123.27302763659662,123.44401628500943,122.87247876882132,123.20359499848169,4419.185903417083
2026-02-26 11:00:00,122.16534909133368,122.17966112687833,121.62166685419534,121.90807385240923,8247.435374865257
2026-02-26 12:00:00,121.68493379188037,121.85765507616948,121.40433817297271,121.63495162828299,6878.176032606904
2026-02-26 13:00:00,121.6317396160888,121.99844681346337,121.65395958466836,121.83085363098427,4930.503023401
2026-02-26 14:00:00,121.05527482730577,121.35054206177239,121.01058531701634,121.0913978465972,6869.025807613733
2026-02-26 15:00:00,121.19532689902422,121.45109984253445,120.78872491837456,121.18307780648678,1475.0501546412204
2026-02-26 16:00:00,121.18415862442632,121.40616323887225,121.05139018367555,121.17542288190029,2622.4438241653847
2026-02-26 17:00:00,121.39198731913996,121.58260740665736,121.19870399699755,121.46506863170083,6642.5306971757955
2026-02-26 18:00:00,121.5493879901716,121.75251889245902,121.21890225864557,121.5248588159079,6772.301373027721
2026-02-26 19:00:00,120.9140742617752,121.35787241054967,120.89385239515767,121.03832434546713,7967.211928366844
2026-02-26 20:00:00,121.54211922403087,121.77694719043821,121.33280884356778,121.63661009629938,4626.997831482419
2026-02-26 21:00:00,121.62192507394626,121.96713924369914,121.280923989452,121.55734530978589,7502.986869545406
2026-02-26 22:00:00,121.44212671694295,121.69112994663239,121.17089665649276,121.54369304003093,7155.822993041705
2026-02-26 23:00:00,121.13088022104354,121.28029976182833,120.92399370713699,121.07705906049432,9670.540405328642
2026-02-27 00:00:00,120.71847155743296,120.98816937529793,120.78400433662654,120.85541793489857,2936.1720378221125
2026-02-27 01:00:00,120.58949916626429,120.63534366147714,120.26356555342957,120.41301657788512,5965.1160737737555
2026-02-27 02:00:00,120.249116555683,120.35232137865988,120.10565819366997,120.32654354792341,6415.879978994224
2026-02-27 03:00:00,121.16003113081423,121.3277936081129,120.97657651528607,121.18239778799457,9987.830964407987
2026-02-27 04:00:00,120.52950854263794,120.58723509649406,120.33579100615636,120.4964472165289,2810.657279499865
2026-02-27 05:00:00,119.63313152234042,119.90320035237976,119.68058626348825,119.68966651759052,5708.96217970563
2026-02-27 06:00:00,120.43959227744446,120.72469641888821,120.17820338172442,120.42525168133733,4115.66776942275
2026-02-27 07:00:00,120.37812551521341,120.58519046147285,119.92335539485317,120.3205898427614,5733.036717210998
2026-02-27 08:00:00,120.0821147966818,120.02321940951732,119.73962834961914,119.98605347343144,3089.1574189279536
2026-02-27 09:00:00,120.58515556072678,120.91021278242226,120.24509226522413,120.50600581712948,1428.511405847393
2026-02-27 10:00:00,120.18601700088078,120.43272604132314,119.94595351664555,120.20319804726105,6153.0890850792
2026-02-27 11:00:00,121.10153972663015,121.23855298998521,120.87649823704626,121.11620290403451,4022.688842747489
2026-02-27 12:00:00,121.69007669550665,121.67087863160324,121.16199924301735,121.45516583970415,2637.4726157359028
2026-02-27 13:00:00,121.30619904245621,121.42882911788156,120.97167276751273,121.21121013563129,3915.4200947023037
2026-02-27 14:00:00,122.19768187663202,122.42317937056889,122.12113195922937,122.28986424226404,1443.5218130297044
2026-02-27 15:00:00,121.99700559713894,122.2067984474966,121.86660567176327,121.98700678076239,9553.98010681093
2026-02-27 16:00:00,122.32454015288921,122.49730723800499,122.1829518322951,122.35805446676703,6230.331234759344
2026-02-27 17:00:00,122.49416733357796,122.66726455770127,122.27628780732522,122.50770075697028,8332.918132123224
2026-02-27 18:00:00,123.03562188589886,123.28994348809417,122.99017969778197,123.15857140166968,4808.063777929574
2026-02-27 19:00:00,123.89813467659451,123.99605987105913,123.70789313171996,123.9393270000331,9129.832008095671
2026-02-27 20:00:00,124.13648465188538,124.16991272158754,123.71141406119595,123.955329074566,5349.86399397028
2026-02-27 21:00:00,123.63652776948045,123.83715008304453,123.29530219626588,123.5786201393929,6165.507899806024
2026-02-27 22:00:00,123.5594900700473,124.06009457047008,123.48032671397856,123.80860621086245,5426.145820563912
2026-02-27 23:00:00,123.5914208752362,123.75174105124992,123.26194778413851,123.4697485259864,7599.504662808864
2026-02-28 00:00:00,124.58540510204062,124.7088761707512,124.40721980626448,124.47644214974972,6099.904698418562
2026-02-28 01:00:00,124.50878128486045,124.69143726546939,124.37922022497301,124.54470981529109,3444.3903122235797
2026-02-28 02:00:00,124.43377539401335,124.64601542607815,124.15764278289437,124.36204903963502,2309.8557819038165
2026-02-28 03:00:00,124.36844927148577,124.5186374385833,124.4379660681852,124.45438919256749,6455.119499946799
2026-02-28 04:00:00,123.733800476176,123.89075890955138,123.44195959579238,123.78082604780263,5402.619653923326
2026-02-28 05:00:00,123.4448736646143,123.39859902140499,123.08078123729626,123.29501902854732,1863.7812702650165
2026-02-28 06:00:00,123.86805297853255,124.20323158843345,123.65709069906148,123.89522598251952,4560.557192139416
2026-02-28 07:00:00,123.37980567683833,123.86105769444784,123.2302261967812,123.56677884303383,5632.987798004082
2026-02-28 08:00:00,123.03699302941473,123.29205387539736,122.9063376347071,123.04332335169286,8442.03910443031
2026-02-28 09:00:00,123.30379088866508,123.61884271447768,123.0542455348681,123.3116497279565,1684.9095025002612
2026-02-28 10:00:00,124.02433866222535,124.0165735270468,123.7154882175982,123.904501805288,4136.458134214026
2026-02-28 11:00:00,124.26541210283811,124.49883797260664,124.08238714732212,124.26397846062054,8403.905104393469
2026-02-28 12:00:00,124.71984407237942,124.94948486068513,124.63922154230389,124.76200230352345,6835.815385944209
2026-02-28 13:00:00,124.48811037376183,124.6682929696272,124.01704443787006,124.38360475923871,3609.624896234081
2026-02-28 14:00:00,123.6847784491179,123.86117700261256,123.51024942987534,123.67269942586779,8608.016098203781
2026-02-28 15:00:00,124.34836398368897,124.58487196300453,124.15341982715597,124.42336625184554,5439.642225064231
2026-02-28 16:00:00,124.37752608847863,124.51611718428057,124.24952707117166,124.26202633242447,5485.167021794145
2026-02-28 17:00:00,124.15597600064862,124.42422674091605,123.81861097122795,124.13660982419694,9789.286052803458
2026-02-28 18:00:00,124.80099949178941,124.93387237563678,124.49548577952577,124.80070689512146,9524.048529127405
2026-02-28 19:00:00,125.09661273896297,125.27271433268656,124.86907848879207,125.0788218998218,4226.794150328595
2026-02-28 20:00:00,125.19969894872095,125.40092172249844,125.1294600324764,125.30676578586261,2265.212157967741
2026-02-28 21:00:00,126.33650158069531,126.43907306006244,126.14926695775179,126.38926695831314,3931.0005905028465
2026-02-28 22:00:00,126.06786610330636,126.28755380626446,125.63862877703505,126.06750784312308,1274.3493428024924
2026-02-28 23:00:00,126.51196153766122,126.79231844278915,126.50775157705404,126.53142790716369,1186.9109803935207
2026-03-01 00:00:00,126.68717730789389,126.7861411505209,126.28173173085482,126.55993446961223,4559.699226262773
2026-03-01 01:00:00,126.71597119431657,126.69927443726843,126.58539233925926,126.69423060904387,9469.178404275108
2026-03-01 02:00:00,127.54395521451377,127.62337987924249,127.26045666188011,127.45846482225014,8842.21607108987
2026-03-01 03:00:00,127.71332223585253,127.73421747640005,127.53717071230281,127.71238270039494,5602.985505258607
2026-03-01 04:00:00,128.08715958829436,128.31850085068515,127.82436256569952,127.98153073991975,6087.037430537476
2026-03-01 05:00:00,128.55753718423196,128.60917895036283,128.3188309214799,128.51778440857464,1053.4014707145084
2026-03-01 06:00:00,128.33665009234207,128.6608484047492,128.248725158331,128.33530804380322,2939.5104025038895
2026-03-01 07:00:00,127.9143749012378,128.21029017450212,127.61278516652092,127.91570321013371,1222.9671424094538
2026-03-01 08:00:00,127.2978547504941,127.50323957786959,127.37271296424305,127.39329861312319,7790.855794258488
2026-03-01 09:00:00,126.46081189044882,126.49684182330842,126.15614386715235,126.41012031843519,2310.81216423848
2026-03-01 10:00:00,127.43420340995172,127.67326090504399,127.27087746865881,127.43822388340536,8821.423922291353
2026-03-01 11:00:00,126.83642050452639,127.00218729682621,126.80371218992526,126.88661970054451,6789.918823082095
2026-03-01 12:00:00,126.88663906583282,126.98624135296744,126.55575455169175,126.77599288875162,3064.76808864142
2026-03-01 13:00:00,126.51256463621768,126.78930347972647,126.59328134747781,126.63758623880716,2419.4828537492476
2026-03-01 14:00:00,126.74903999816846,126.81317374626514,126.58731820553975,126.7912895877117,6648.622308307478
2026-03-01 15:00:00,127.30193006885932,127.2222049958938,127.14144588476252,127.19915819398136,9107.532822540912
2026-03-01 16:00:00,127.66094723225325,127.85206336301069,127.38326772972944,127.62939493816123,7465.241970229435
2026-03-01 17:00:00,127.3330703261115,127.4817004442437,127.23029195223981,127.33785621887677,4136.919864430399
2026-03-01 18:00:00,127.27939571629857,127.39898638029214,127.09939476368648,127.25429536198355,6286.452357417825
2026-03-01 19:00:00,127.41352675433258,127.66517172113709,127.16619039843339,127.3955853372277,3796.8552583517926
2026-03-01 20:00:00,127.11957351950734,127.58858400179918,127.14849398532016,127.27123977413594,9992.34610100793
2026-03-01 21:00:00,128.03998637361113,128.24765809000974,127.88070896211275,128.07491256214593,7739.55269615666
2026-03-01 22:00:00,128.48205220341643,128.48634016727405,128.27178308808953,128.32040003796504,6529.434757810783
2026-03-01 23:00:00,128.62190651751223,128.93785323430134,128.42475137063033,128.68783893098995,4809.332284892463
2026-03-02 00:00:00,128.98744946391324,129.0835860083537,128.6427881847686,129.01927956532367,6563.370612336016
2026-03-02 01:00:00,129.5518544177354,129.8283317995411,129.12679560727534,129.60601649406632,4074.544562206013
2026-03-02 02:00:00,129.68782575108636,129.9517158706004,129.48741045875153,129.69652727341818,1259.7835551222768
2026-03-02 03:00:00,128.9897990163078,129.316134320282,128.76929088536053,129.04811129944025,4555.796701209695
2026-03-02 04:00:00,129.2966294255324,129.25428000506633,129.22601784260732,129.24795527531657,9374.327376218802
2026-03-02 05:00:00,128.9420081696497,129.04614130143977,128.57200339579012,128.92227682842068,6636.709852964793
2026-03-02 06:00:00,128.73532324905648,128.77014216226345,128.3803456370734,128.6579684875458,1755.6013276381145
2026-03-02 07:00:00,128.84605638030445,129.16113919236426,128.79954384141845,128.95115049692333,8964.942520555232
2026-03-02 08:00:00,129.53625798435186,129.81836649061694,129.24657395261124,129.57029203264014,3419.8736440736334
2026-03-02 09:00:00,129.55835555784697,129.93059886175277,129.4063754286727,129.58092782100817,3193.925437744547
2026-03-02 10:00:00,129.78090901831652,129.88584777927088,129.58114684560914,129.73534432730767,3673.8187190228873
2026-03-02 11:00:00,130.50712967990458,130.73669454979435,130.33891830708254,130.58645179962528,6194.820125133617
2026-03-02 12:00:00,130.7983937697954,131.02179559125744,130.6131638393526,130.70682838936958,5902.192840905789
2026-03-02 13:00:00,132.12631150551152,132.2373276403128,131.70550747001977,132.00766994645977,5422.723791605936
2026-03-02 14:00:00,132.19153753451198,132.61718992039434,132.19602375046824,132.29042476927555,7457.8317716136435
2026-03-02 15:00:00,131.36095610020826,131.6389161899986,131.31504886867995,131.41004338969762,3848.839582014631
2026-03-02 16:00:00,131.7335210494207,131.87100253837858,131.67768317909074,131.7867142002499,8038.58069415188
2026-03-02 17:00:00,132.24053201315903,132.0439805572135,131.70134338893968,131.97729339269128,2577.8951054073923
2026-03-02 18:00:00,132.57917975921188,132.66701854482676,132.48384730588464,132.62216976973266,8043.587101693083
2026-03-02 19:00:00,133.12652298958324,133.22496562884348,132.89356002380435,132.95876044536763,6974.290947252545
2026-03-02 20:00:00,132.7628692538651,133.20839213568445,132.75010045336933,132.88953245337575,7148.8747859282785
2026-03-02 21:00:00,132.17841823861463,132.6623195493697,132.08058757229912,132.27738333523106,5333.98057414534
2026-03-02 22:00:00,132.10421125340324,132.45718223982038,132.09096895495452,132.17287170658807,7003.013794127783
2026-03-02 23:00:00,131.66304254833875,132.0638953372369,131.66277959038683,131.7476114794834,1718.1734190351167
2026-03-03 00:00:00,131.43055988116518,131.59934812131567,131.04622012117107,131.45734975458103,8663.960053444305
2026-03-03 01:00:00,131.68076113651918,131.83599737511696,131.63769549717273,131.75163895679134,1499.925101388814
2026-03-03 02:00:00,132.50465704969358,132.8715991422088,132.41889544584433,132.58659120896704,2338.6735888434773
2026-03-03 03:00:00,132.89977417352588,133.0256950491025,132.62065067395847,132.78392697387855,6191.107376475127
2026-03-03 04:00:00,132.30836480511226,132.39672988029506,132.028121123638,132.18598544286095,7654.703099110224
2026-03-03 05:00:00,132.50321642680854,132.64702392503432,132.1461521029741,132.408286776971,1686.2640791162812
2026-03-03 06:00:00,133.0590024158523,133.23892106853967,132.71178822524664,133.00660252029385,9286.883327100879
2026-03-03 07:00:00,132.71098537471212,133.03009275411952,132.53230651128732,132.70171106813416,9762.468839206287
2026-03-03 08:00:00,132.5849994157311,132.9642010432794,132.5583503134569,132.63470248479769,6453.5515570694
2026-03-03 09:00:00,132.54673083168677,132.89646861739632,132.3146025593774,132.6420465821623,5331.191098391529
2026-03-03 10:00:00,132.28589699596444,132.53417771287747,132.05913153474086,132.24959742562118,7672.554750517747
2026-03-03 11:00:00,132.45637460328842,132.82514389778558,132.2007054610574,132.5737376425431,3955.2161709448487
2026-03-03 12:00:00,132.41387147532168,132.66714659503575,132.4887049784827,132.5132635682392,5439.379906945958
2026-03-03 13:00:00,132.83832111581324,132.99868625768406,132.50348946806443,132.72302979019275,9245.359241329612
2026-03-03 14:00:00,132.4693486054639,132.33983419440577,131.88742306790408,132.2792837012917,9600.898827173802
2026-03-03 15:00:00,132.09988406494665,132.3659437063596,131.8958809646738,132.06055455113,9343.622044460666
2026-03-03 16:00:00,132.53239094527333,132.50229293606728,132.24429457237736,132.42174523004388,3362.0326026745615
2026-03-03 17:00:00,132.2107438222536,132.46390898267745,132.00577748483894,132.23532865399798,3092.2213619508707
2026-03-03 18:00:00,132.96504316100592,133.21429518377207,132.95469016150318,133.09881057961468,3678.980553363828
2026-03-03 19:00:00,132.96020964866926,133.15433138511483,132.73019968001267,132.8989924868074,4971.800011496142
2026-03-03 20:00:00,133.06826378201032,133.20794232709054,132.84511635910246,133.01133484968332,3827.506715127672
2026-03-03 21:00:00,133.4847971210079,133.51815466980352,133.3403723390625,133.47763026561987,4367.915161651522
2026-03-03 22:00:00,132.74420985334285,133.0105173622552,132.4455617441333,132.76844739915336,6585.732569086836
2026-03-03 23:00:00,131.98426405102109,132.0302509154797,131.64193518993332,131.88804299316297,7862.731093845783
2026-03-04 00:00:00,131.02664153253517,131.41332950795928,130.9001520126676,131.12521483587793,7620.0237844112535
2026-03-04 01:00:00,131.67912882970245,131.95663945646496,131.4756497869025,131.7565068875915,8329.812103712367
2026-03-04 02:00:00,131.37976716396926,131.7201199131841,131.30701339796565,131.4805778146453,1289.6596289386196
2026-03-04 03:00:00,132.768174753743,132.8639205619779,132.63709783931472,132.75967745747943,1429.6041071088048
2026-03-04 04:00:00,132.3687643569398,132.61862043500798,132.3378160886122,132.47755365815073,8104.446646197664
2026-03-04 05:00:00,132.50140509169773,132.72396544613915,132.3696510056388,132.56982930974925,5797.709400921687
2026-03-04 06:00:00,133.27030872981047,133.62655453405742,133.24680545687048,133.34088428603317,6203.266063859082
2026-03-04 07:00:00,134.31786989687933,134.71166843889327,134.1939568317714,134.34393073011273,1473.2817419293938
2026-03-04 08:00:00,135.22594507379054,135.49416534325667,135.2262941826181,135.37468251843094,3297.824210541438
2026-03-04 09:00:00,135.98758613293123,136.28655044819328,135.56641001074462,135.9788656337275,6745.188743969299
2026-03-04 10:00:00,136.6156272616997,136.5078646384058,136.41351540263986,136.49089689663325,8732.637010996084
2026-03-04 11:00:00,136.8007095084655,136.86774143112459,136.60512234337438,136.78716037123382,9252.850574632623
2026-03-04 12:00:00,137.33047302379728,137.28046306369848,136.80377153003568,137.17634090931716,5503.775462515736
2026-03-04 13:00:00,137.03414786974056,136.9654971822088,136.68856360473964,136.90074805115287,5909.268094643779
2026-03-04 14:00:00,136.56942211416649,136.53328977046294,136.2163068620996,136.4916486094417,8497.446679620918
2026-03-04 15:00:00,136.49742996499992,136.73126127195002,136.27997874922627,136.48996138073625,5838.621406726192
2026-03-04 16:00:00,136.40711910829833,136.583462299701,136.27160240759545,136.4048690694738,5651.7267298358565
2026-03-04 17:00:00,136.25463502204647,136.41619558457066,136.15406345135926,136.17825504481016,9145.756339848584
2026-03-04 18:00:00,136.4872817075881,136.79549603715066,136.30590319983486,136.5264487685385,8109.394489502921
2026-03-04 19:00:00,136.815849297677,137.230663072141,136.881662033284,137.00410137282375,9181.65273725165
2026-03-04 20:00:00,137.09750522137998,137.31408113358472,136.9283383565862,137.0483048159697,2964.2234930303844
2026-03-04 21:00:00,137.6739629935038,137.9801166278731,137.63696858209522,137.7870698564973,5719.379379898211
2026-03-04 22:00:00,137.1200111766115,137.29752596059998,136.8417391587682,137.21622529943056,8582.249157340222
2026-03-04 23:00:00,137.11941796459027,137.4251769878728,136.6789118155653,137.1193955697907,2000.3304472039804
2026-03-05 00:00:00,136.75147192173395,136.9020731962112,136.53926361573647,136.7609844094893,8151.959388645656
2026-03-05 01:00:00,135.68650854032123,135.93415647107653,135.67419282334396,135.82771610095278,2646.760450733825
2026-03-05 02:00:00,135.80292491444473,135.968583970451,135.70409839977654,135.78637575803143,8273.06879486789
2026-03-05 03:00:00,135.82211596992587,135.83422091191014,135.47864798768518,135.72550200383978,6508.008438011813
2026-03-05 04:00:00,136.36939271843426,136.64048383726188,136.10393631545432,136.48222687546084,2739.1239233638044
2026-03-05 05:00:00,136.9248810508231,137.03203810989456,136.62236675644073,136.79763271773822,5260.18761399521
2026-03-05 06:00:00,136.12952222306063,136.52037347949823,136.2476397014983,136.28553930557362,7137.146498146944
2026-03-05 07:00:00,137.42431800317783,137.32280258209815,136.94558062155917,137.21258558874072,6704.676107951882
2026-03-05 08:00:00,137.78197639345507,137.97433189920852,137.5245624653584,137.8231024365034,4845.224766085339
2026-03-05 09:00:00,138.1287129879204,138.42158458871472,138.07273585227628,138.1141512882377,9094.298760288342
2026-03-05 10:00:00,137.81170588156422,138.25054925058618,137.7832608204465,138.0009092388128,5673.3707303905985
2026-03-05 11:00:00,137.51497601380413,137.9286961243859,137.27606701883744,137.52118962045105,5552.805686758195
2026-03-05 12:00:00,137.35793445018732,137.65309904978966,137.1423969626164,137.3350862324155,1560.2553094730883
2026-03-05 13:00:00,137.87084433185768,138.19388984912362,137.75853763417615,137.87946054226762,9299.083508178734
2026-03-05 14:00:00,138.76544558752968,138.88296684018934,138.52015997287856,138.82175369523492,2594.049118105357
2026-03-05 15:00:00,139.49871900751822,139.86976149453434,139.43371343396788,139.593375459371,5755.102240928988
2026-03-05 16:00:00,139.4620034104316,139.54364006830818,139.29746936474785,139.34895074847788,8232.10841260279
2026-03-05 17:00:00,138.79222274533316,138.93404385147954,138.78419458326638,138.78914203183336,2939.0794926007898
2026-03-05 18:00:00,139.01366039294066,139.07638668934223,138.53350020328907,138.85958515528898,5746.35960973757
2026-03-05 19:00:00,137.92271723702805,138.2698866259687,137.71369907486044,137.97536547250755,3166.1641830100675
2026-03-05 20:00:00,138.0934698602627,138.38703248870036,137.92815197488702,138.13694932959993,7837.254980199206
2026-03-05 21:00:00,138.1447074609102,138.17530065631638,137.90717550013568,138.0631480364506,6079.070510858356
2026-03-05 22:00:00,137.66783228931612,138.10437567687575,137.6830296269368,137.83012978551648,8703.782743556292
2026-03-05 23:00:00,136.9114319158678,137.1690194976755,136.94035191672725,137.0327782518831,9051.022025896445
2026-03-06 00:00:00,137.39932680230325,137.51124661706436,137.13272386962393,137.28957830516794,6838.601342008583
2026-03-06 01:00:00,136.90603449241465,137.19289287858928,137.01121916382496,137.02322788533698,7528.5212154305
2026-03-06 02:00:00,136.25636436595158,136.61638284230827,136.3118758328287,136.43826946748183,5942.980898981773
2026-03-06 03:00:00,135.1889910796483,135.27876265834504,134.8332321124761,135.002138360841,4459.858597606446
2026-03-06 04:00:00,134.84899914352826,135.08436153633411,134.72739290359664,134.9883809083157,6833.061307187511
2026-03-06 05:00:00,135.8929186464834,136.26902621407828,135.67849935298793,135.87450670665058,9174.59761138596
2026-03-06 06:00:00,136.71204483319693,136.72302770699505,136.42564400253696,136.7051363139245,4750.123423882942
2026-03-06 07:00:00,136.19552535396957,136.61682141730589,136.14167467512004,136.47658818563139,3829.690237364158
2026-03-06 08:00:00,136.1487504531337,136.41250334444464,135.86966514606806,136.17548215545048,4495.932446973167
2026-03-06 09:00:00,136.4547106084359,136.6683007001315,136.16281829875012,136.40986928348798,4918.578671904396
2026-03-06 10:00:00,135.94610750204572,136.1006289918367,135.70949029597577,135.91067656389384,1662.0492607994458
2026-03-06 11:00:00,136.15192458218394,136.25583344350343,135.95965131464493,136.06157251380358,5485.97656391495
2026-03-06 12:00:00,136.40586352150538,136.68566766152867,136.170618247858,136.44461265299591,5448.828232450537
2026-03-06 13:00:00,137.1293297091473,137.2349723171923,136.6901045267159,137.05807926493807,6295.994448764708
2026-03-06 14:00:00,136.93906931989008,137.34732035249158,136.77379162273306,137.0080022266981,4265.380274241983
2026-03-06 15:00:00,136.76511860996834,137.19010026303278,136.514439436767,136.90616535160962,6517.968363600307
2026-03-06 16:00:00,136.33740122066322,136.7544564933319,136.41973122903744,136.46717405823134,8903.946792467827
2026-03-06 17:00:00,135.90752283569185,136.15711820887435,135.96915021968937,136.0537338812114,9599.238914456479
2026-03-06 18:00:00,136.04145303204976,136.13255559282007,135.6549742844858,135.94049443526063,6252.509945269447
2026-03-06 19:00:00,135.9727198377629,136.29413059379667,135.89774816765342,136.12417718866874,1383.3185857328178
2026-03-06 20:00:00,136.6083733858503,136.68040936421642,136.2495912841282,136.58096950178538,9723.12397540398
2026-03-06 21:00:00,136.15278760703794,136.41539644483976,135.98092719051786,136.1793800264452,7352.7585480663065
2026-03-06 22:00:00,136.9154594535799,137.07195973514698,136.81252185317777,136.92572431092495,4023.6728369828693
2026-03-06 23:00:00,136.92652323992363,137.05570289338868,136.61152183462417,136.79016251040366,2324.4193086735104
2026-03-07 00:00:00,136.7356361265079,136.87245970694,136.73274726032182,136.77947886322943,2290.7675101264745
2026-03-07 01:00:00,136.4670331798105,136.77777708493971,136.31873209096526,136.40587302365554,2509.6996552564246
2026-03-07 02:00:00,135.19750922865717,135.30411962765984,134.89650849372725,135.19375289351905,1410.1526945243827
2026-03-07 03:00:00,135.62057370113632,135.85770582541963,135.34849685025264,135.6357755916996,9119.387697876204
2026-03-07 04:00:00,136.23419445268445,136.2833834712846,135.7678971117652,136.0041975402458,5866.914095446027
2026-03-07 05:00:00,135.71939958711513,136.00646971866666,135.83564151378272,135.86353376168668,7299.634714424535
2026-03-07 06:00:00,136.02594230384287,136.18227598464242,135.73286947785041,135.89702912029912,8452.976583414767
2026-03-07 07:00:00,136.22063938570017,136.23208036937112,136.07749871801718,136.15499872915117,8123.869056998802
2026-03-07 08:00:00,135.32577330124474,135.71893757062617,135.05607247532913,135.37372580070792,8943.450613559575
2026-03-07 09:00:00,135.2721313137789,135.31061438853132,134.967571675391,135.10919946203475,9705.291602724566
2026-03-07 10:00:00,135.32152079060683,135.64669066104878,135.41490657292383,135.50633180184568,4951.635532677456
2026-03-07 11:00:00,134.82701042453112,135.0492689130183,134.6762074737489,134.87918709026104,9553.019200015515
2026-03-07 12:00:00,134.90511783591745,135.30685798328363,134.88998150202784,135.02596605634437,7509.6095350853475
2026-03-07 13:00:00,134.3888835005198,134.4892296248476,133.9993007630123,134.34767515403266,1636.0137127727062
2026-03-07 14:00:00,134.4695837351307,134.70595437630715,134.45437123500284,134.5808901452494,7136.048090911108
2026-03-07 15:00:00,134.6063757987748,134.7409157443423,134.50299223002312,134.56306940410067,7180.449936443638
2026-03-07 16:00:00,133.73685985456578,133.83780728487093,133.74021214457218,133.75550349614792,9152.745074132745
2026-03-07 17:00:00,134.28993777911091,134.71992756417072,134.14095182361785,134.33787317337652,4356.3891922308285
2026-03-07 18:00:00,134.00944210958082,134.113937925856,133.82677039636326,133.97057738497747,6264.20350244636
2026-03-07 19:00:00,133.5385890040765,133.84861284508833,133.50834162712147,133.5654511664703,1109.6879591056827
2026-03-07 20:00:00,133.55687228077986,133.88668277345056,133.3468131189602,133.66573576508577,3988.677179632024
2026-03-07 21:00:00,134.52019173876363,134.34160103475193,133.97332992505721,134.24005443980013,1560.1935354290283
2026-03-07 22:00:00,133.68342681200798,133.93154805938963,133.53496531820463,133.7321435303109,5696.856754884073
2026-03-07 23:00:00,133.54122254721972,134.041383733166,133.42655083081783,133.76298345523492,8357.028854562579
2026-03-08 00:00:00,133.89318183642803,134.15856557189156,133.71113810206032,133.97739170540018,2857.9842291616205
2026-03-08 01:00:00,134.1972168401945,134.64325580361688,134.2062300991836,134.32394450903178,5746.969410020007
2026-03-08 02:00:00,134.49477984827445,134.71431682594857,134.31608730306945,134.4121652866704,2836.0777285969034
2026-03-08 03:00:00,134.26081663308787,134.52054285259456,133.94685321268332,134.22865136712872,2086.196210616164
2026-03-08 04:00:00,133.8547275369834,133.96889057957708,133.57521956115764,133.81485625680438,5598.971127409082
2026-03-08 05:00:00,133.82092595174385,133.94994395354942,133.6409534215305,133.85792819832756,1712.3375885475486
2026-03-08 06:00:00,133.29392366762903,133.46049993179844,133.2065084726216,133.32185869233473,6286.191680241905
2026-03-08 07:00:00,131.8240903402267,132.0808075446541,131.60038869388688,131.86118345058745,1282.0371460905365
2026-03-08 08:00:00,132.07134403425272,132.3340420240195,131.95501324097967,132.07946335266627,1960.4347468153799
2026-03-08 09:00:00,132.61496411674585,132.54858791368542,132.34162943866875,132.53143077320937,5949.977369386221
2026-03-08 10:00:00,131.383572096689,131.54915323527726,131.00527014079975,131.34996455543845,6322.666716090224
2026-03-08 11:00:00,130.89511048604558,131.0609081256158,130.7111826266645,130.8450992030835,1260.8823708438226
2026-03-08 12:00:00,131.204632224411,131.32692190795453,131.11197525929336,131.15467633358608,6160.391092014026
2026-03-08 13:00:00,132.2718683121801,132.5125514523435,132.08867878762894,132.18342406844192,8546.522727912734
2026-03-08 14:00:00,132.22263592643367,132.43599892970474,131.8943910396109,132.19382092227966,7500.8455956455855
2026-03-08 15:00:00,131.86570425893296,132.16083864247315,131.60434633792704,131.82981945166506,2180.6659352871875
2026-03-08 16:00:00,131.857251855232,131.91677517907763,131.55125896898153,131.73837123111267,6332.271828072534
2026-03-08 17:00:00,132.35930484888644,132.71955718993743,132.2767188212179,132.42580944068675,7050.272500667921
2026-03-08 18:00:00,132.01725309312934,132.46633399057725,131.85429136036916,132.1028273511245,1335.080815770626
2026-03-08 19:00:00,131.58463918788067,132.03440069272662,131.58814183289837,131.70323134779935,8698.129018152604
2026-03-08 20:00:00,131.48015104307035,131.55264542736546,131.23129302984407,131.46185958670833,9156.406575608471
2026-03-08 21:00:00,130.79982205845707,131.15982767482475,130.85832073946028,130.98519528257899,8654.070460260327
2026-03-08 22:00:00,131.09274585018235,131.21201397003142,130.9362963791039,131.0465304405764,8421.68321190202
2026-03-08 23:00:00,131.8479503603611,132.1077951233188,131.72261841329365,131.85886966981116,7704.68678614804
2026-03-09 00:00:00,132.13387327635127,132.28904466187063,131.85795005101758,132.02040930636917,6700.888281537641
2026-03-09 01:00:00,131.8270408242595,132.01034328790345,131.69911553889938,131.89423255530602,7107.643044894267
2026-03-09 02:00:00,131.72799509230651,131.95511077223995,131.52478134133713,131.74832692084826,8257.557640014847
2026-03-09 03:00:00,131.07895184982925,130.96872424971554,130.79789498735707,130.96673151649992,6962.486125251741
2026-03-09 04:00:00,131.54659996975133,131.7524809056537,131.28905146084819,131.4082864050735,3949.542610138639
2026-03-09 05:00:00,131.30135256999193,131.51813038249944,131.20852480430273,131.3693678065671,4383.649919452186
2026-03-09 06:00:00,131.2973059730305,131.48471424375623,130.92862164591094,131.27912784977178,9073.51721535063
2026-03-09 07:00:00,132.90512353146264,133.04471666229543,132.78368189453244,132.87568163369423,1154.098772174457
2026-03-09 08:00:00,133.06242342843916,133.3396608453784,132.80877842606708,133.02505808787706,7289.385231198538
2026-03-09 09:00:00,132.62290499689792,132.73291320696922,132.2996595318559,132.64916256282947,9592.997971826939
2026-03-09 10:00:00,132.56412210453905,132.63432273049412,132.36728061772143,132.4359837647267,7356.053529621763
2026-03-09 11:00:00,132.8212362709629,133.1996247435753,132.77080909673862,133.01020661932506,9945.20789408604
2026-03-09 12:00:00,133.02472880111384,133.22147818583477,132.9470690079874,133.06684182459395,7187.904149754977
2026-03-09 13:00:00,132.39249590871256,132.72032548999883,132.19816620966418,132.34770283543526,1309.2672629517497
2026-03-09 14:00:00,132.8530397839178,132.9185843568373,132.6876283861182,132.80731730272288,8443.088934822312
2026-03-09 15:00:00,132.60852116301487,132.75042487767695,132.34643099079497,132.4732452599534,3561.669207453872
2026-03-09 16:00:00,133.52971668738226,133.64551942693274,132.93770293327148,133.40989414806214,5014.515030979968
2026-03-09 17:00:00,133.92136401838874,134.27607010617302,133.6654725937123,133.94991818091947,3808.827243163739
2026-03-09 18:00:00,133.85624435744316,133.85953832461234,133.4160834469115,133.7262572330901,3416.986955887115
2026-03-09 19:00:00,134.2953612395799,134.49346852404526,134.117566065274,134.36676541395764,4882.651333028069
2026-03-09 20:00:00,134.49378190750056,134.7103001599691,134.36131884806156,134.40069316922137,4408.763035966064
2026-03-09 21:00:00,135.00813225462457,135.06961213761548,134.58758420975013,134.82708000678247,6700.047236583305
2026-03-09 22:00:00,135.1909408261152,135.11495268076203,134.76215345397895,135.0694464154297,8318.360808887595
2026-03-09 23:00:00,134.65684512628667,134.79233758648795,134.53160803533817,134.64626808793426,3673.797878685167
2026-03-10 00:00:00,134.29131529459832,134.56313143716034,134.02796050505944,134.32449317177554,2923.4903753981566
2026-03-10 01:00:00,134.68661445094017,135.12325000272077,134.5690399595807,134.8394735805661,7002.05743783308
2026-03-10 02:00:00,134.70313987830426,134.80416284919355,134.28688191003147,134.67208591451285,7032.880592477035
2026-03-10 03:00:00,134.35873996009477,134.56168728187353,134.3120399841432,134.47026168289185,9110.181153575546
2026-03-10 04:00:00,133.9133869268558,134.24502271179088,133.90246149144474,133.99270039321718,1143.5111780797977
2026-03-10 05:00:00,134.08542534594025,134.2824678570195,134.04066273695116,134.2044999260139,8677.36595904859
2026-03-10 06:00:00,135.1897231523698,135.2374962654477,134.8922052863191,135.23576238563547,5689.019556535212
2026-03-10 07:00:00,134.69919898705962,134.78522852100673,134.68483651659253,134.70199592850832,6591.7188025488895
2026-03-10 08:00:00,134.74146711496127,134.99550374286449,134.7072680853016,134.7141056568447,1822.342965052733
2026-03-10 09:00:00,135.36016527101103,135.63307767959293,135.21127640665927,135.42021593455243,4893.534395848411
2026-03-10 10:00:00,135.48732360956907,135.55782960085835,135.22465416820697,135.38039523892957,3045.7216651467143
2026-03-10 11:00:00,135.58576061125544,135.9454835733507,135.40580834773687,135.60658113705443,3288.0252707425816
2026-03-10 12:00:00,134.99661212965447,135.3391168412833,134.78085319585742,135.075384372981,5536.856032084247
2026-03-10 13:00:00,135.3121671483092,135.65116792585704,135.1447948561967,135.28953792158484,8312.10355362801
2026-03-10 14:00:00,135.39232107243694,135.25669224186586,135.1832663721756,135.19596578908255,7694.028371303705
2026-03-10 15:00:00,135.72234684357602,135.8853757245271,135.2843826312025,135.6888307869225,6318.999631773584
2026-03-10 16:00:00,136.2462382499675,136.32085247521005,136.18224664144873,136.28252381270485,5854.763734781203
2026-03-10 17:00:00,137.4245594981023,137.75436740052862,137.48320934591538,137.57730563371416,4845.75438911041
2026-03-10 18:00:00,137.84518098822375,138.04226063494428,137.5567502189487,137.86712222032097,9754.389762052477
2026-03-10 19:00:00,138.05351319112086,138.29268174233835,137.8684692907162,138.03002037861205,6041.7329881081
2026-03-10 20:00:00,138.08845444027514,138.3317689175149,137.93355151460418,138.1272125294007,3285.697584809999
2026-03-10 21:00:00,137.78409091917126,138.21297009682337,137.70235037058933,137.95062938299537,3070.817128360356
2026-03-10 22:00:00,138.03481476577588,138.3902153180401,137.8115129944152,138.11987130472622,6502.1772769762765
2026-03-10 23:00:00,138.11762444574546,138.38766346739502,137.80551666897486,137.9721705996567,5705.4477457983585
2026-03-11 00:00:00,138.19980118816454,138.22487142226288,137.70440588720007,138.0564010877915,1069.2802265924151
2026-03-11 01:00:00,138.626535938675,138.82109758552883,138.701619870722,138.71519985559547,8470.588349762014
2026-03-11 02:00:00,138.2792042516756,138.4365369344873,137.93594984926034,138.21192857295566,7337.101188091911
2026-03-11 03:00:00,138.66401057504316,138.90163985080622,138.66582060932194,138.78186785352017,6956.463607102932
2026-03-11 04:00:00,139.58085701538963,139.78862146403378,139.10319825552932,139.44042538719012,1619.0259192789306
2026-03-11 05:00:00,139.405914708484,139.55306931980007,139.16718667581154,139.38139112369458,4258.502651552423
2026-03-11 06:00:00,138.41542782405193,138.4639060374029,138.1877542073912,138.32046367419028,9418.440346595076
2026-03-11 07:00:00,137.8450433459248,138.16942110852796,137.75026857134088,138.01655268064306,8763.303172072274
2026-03-11 08:00:00,138.7328136641161,138.93689169627078,138.3757311192029,138.6650499539236,3569.886440825801
2026-03-11 09:00:00,138.65284851640573,138.83784122445104,138.3894265104883,138.65361592277418,2413.5299568922483
2026-03-11 10:00:00,138.23915771370582,138.2897981246137,138.05693443059005,138.15396480662673,5041.791614517194
2026-03-11 11:00:00,137.9930641258224,138.26811253777495,137.7499790583748,137.9015773460126,4202.473408008947
2026-03-11 12:00:00,138.32846582821236,138.4362703751987,138.122294642977,138.32188735926488,7140.037390353919
2026-03-11 13:00:00,138.53517117945597,138.79881075076887,138.39938010863057,138.59525414336557,9697.913290758877
2026-03-11 14:00:00,138.55375771199868,138.74101870894174,138.20081354623687,138.47578809378072,4267.0130498430535
2026-03-11 15:00:00,138.28636043793287,138.32924237683167,138.29088576462274,138.2923758878734,1560.017553870178
2026-03-11 16:00:00,138.00921831799872,138.34452286349207,137.86306410789612,138.09649681335148,9078.526075081467
2026-03-11 17:00:00,137.54327649795644,137.72978095355418,137.4642898565459,137.63529172110222,1341.5475721588373
2026-03-11 18:00:00,138.2952631242057,138.72525784392033,138.32682962747532,138.44297956583694,9574.893074379997
2026-03-11 19:00:00,138.23079021527496,138.3855542300394,138.15606800900824,138.28181933123128,6981.214852081358
2026-03-11 20:00:00,139.00066779625146,139.1596754948289,138.71185235809583,138.89039859164401,9475.202875977542
2026-03-11 21:00:00,139.6688395975758,139.96163992423473,139.4909481071593,139.65105661760526,2796.937179840804
2026-03-11 22:00:00,140.09723529608692,140.4363557192425,140.02034102375836,140.15021206667922,1366.2981572842687
2026-03-11 23:00:00,140.01488750413822,140.15953357514402,139.82198339278486,139.93440191032022,5393.889804488426
2026-03-12 00:00:00,140.05301929331617,140.31313686119555,139.88298863455626,140.1362669554885,5055.610731131127
2026-03-12 01:00:00,140.13370417972635,140.26652719465957,140.00472182054412,140.12416915229306,3983.4304592939457
2026-03-12 02:00:00,139.65435518465543,140.01942169100968,139.49382960194504,139.67231822192798,9618.908269498277
2026-03-12 03:00:00,139.91241092534764,139.96454834077204,139.48027020002266,139.8344978627888,8403.25358945289
2026-03-12 04:00:00,139.08725513011694,139.34127135985187,138.94554281522733,139.24497796720888,6954.23819238034
2026-03-12 05:00:00,139.7537978868582,140.10535455494295,139.5485905214453,139.83881766143966,2465.7246247404496
2026-03-12 06:00:00,139.442684446881,139.72689533247183,139.45649625583155,139.60650901279047,7608.910673966722
2026-03-12 07:00:00,139.68112916854597,139.8120824909803,139.45278561279792,139.7070888407269,7543.112092297516
2026-03-12 08:00:00,139.9698755268632,139.90437235028298,139.6721225565453,139.84873277649996,4825.6135625440675
2026-03-12 09:00:00,139.66873556868256,139.87098930570187,139.53888961071561,139.7192802896479,9323.073187426124
2026-03-12 10:00:00,139.96155879656598,140.2043556879959,139.7716586560109,140.01262719038556,2502.800940061094
2026-03-12 11:00:00,139.8623478044927,139.99948453484038,139.6348747209164,139.7751753620743,3406.0380617049786
2026-03-12 12:00:00,140.31767896664846,140.50595463523288,139.86152370035862,140.21082401080292,1569.0190532557028
2026-03-12 13:00:00,139.52897706395268,139.79052396304613,139.35384718463936,139.53783417067956,8159.058623598287
2026-03-12 14:00:00,139.66949544585773,139.78193673849742,139.3391879038268,139.60102396045275,6595.834474858575
2026-03-12 15:00:00,140.4627930058941,140.75066889234392,140.2249284120562,140.5704884599819,3834.4627511312456
2026-03-12 16:00:00,140.20812023107166,140.32133854457064,139.76715742022162,140.07032279767913,2474.3229723488384
2026-03-12 17:00:00,139.9463209418104,140.05870732870954,139.67234222268573,139.73145031241668,1361.3299302586634
2026-03-12 18:00:00,140.040525816365,140.20103565719444,139.74391464774513,139.98840423724613,2500.7101176334295
2026-03-12 19:00:00,139.86976196608168,140.2312820427949,139.7931231887699,140.07819512821595,5079.561817038923
2026-03-12 20:00:00,140.19768715161294,140.35422357774416,139.96432387563664,140.25351017785272,3224.5927210954555
2026-03-12 21:00:00,140.5593862750935,140.55358321648535,140.40943322633802,140.49810374292656,3330.8395968877003
2026-03-12 22:00:00,140.7733161774908,141.08209144441182,140.6811680009092,140.81546447720746,8880.18730000943
2026-03-12 23:00:00,141.49753425361055,141.6281122505495,141.07085857461138,141.37031439818554,5636.239061149906
2026-03-13 00:00:00,141.6340394530934,141.8329600791605,141.4513997637181,141.57522372664982,7563.267758155732
2026-03-13 01:00:00,141.38394734926396,141.64172895470534,141.28456450500698,141.45459489934055,1321.398541253288
2026-03-13 02:00:00,141.79410823101904,142.1315752245311,141.43329416899172,141.79088174994192,4286.470201102258
2026-03-13 03:00:00,142.6514393953256,142.89241086793103,142.54560264242798,142.7408227173895,5312.524126558977
2026-03-13 04:00:00,142.65624735635697,142.97003276791895,142.5471832579816,142.67450584419822,2677.751696891662
2026-03-13 05:00:00,142.13178186781965,142.38336690236395,142.0750029275492,142.1872411918629,2081.723873009848
2026-03-13 06:00:00,142.8582577065297,142.87994645003846,142.50750959354787,142.7407815265064,8832.734006498582
2026-03-13 07:00:00,142.8921921502127,142.93984397526137,142.6139057453773,142.6805909445296,9454.884643898169
2026-03-13 08:00:00,141.45113733819903,141.835219783391,141.41898976791225,141.5942561715226,1709.2602824086666
2026-03-13 09:00:00,141.82564538147682,142.2536642860245,141.7846439565988,142.0179670100978,4141.168412881988
2026-03-13 10:00:00,141.7257856749357,141.95843075932646,141.4203879350661,141.75030291712085,9624.570653300263
2026-03-13 11:00:00,141.5531947060859,141.90124696779708,141.43828146793174,141.70503627596875,1748.455598192184
2026-03-13 12:00:00,141.87564760162036,142.3098636405403,141.7424329530515,141.87102644125326,6792.772355908536
2026-03-13 13:00:00,142.04116989252338,142.28470194566242,141.64843434938643,141.9662762811428,9749.99233870305
2026-03-13 14:00:00,142.470416379439,142.59328487921087,142.15095369346707,142.32100218971232,9804.013017232372
2026-03-13 15:00:00,142.12339846029892,142.31443892024774,142.02682930663235,142.1032590044274,5241.009978133689
2026-03-13 16:00:00,142.34049638103048,142.6605276235751,142.17701603944198,142.35981190351544,2464.7419700414257
2026-03-13 17:00:00,142.03220007306618,142.48183804236263,141.88622164460892,142.2300385647235,2818.7588347969495
2026-03-13 18:00:00,142.6020623200858,142.80206428044463,142.38291980016072,142.59944380516723,9006.412556119552
2026-03-13 19:00:00,142.91425627322872,143.07677111464716,142.70587536074078,142.90712754717376,9205.147038967623
2026-03-13 20:00:00,142.50330387757273,142.63131646238517,142.07568703168116,142.43940819615145,6470.9167948619925
2026-03-13 21:00:00,142.91155044408606,143.09944182782678,142.9255347389444,142.98239925423897,7895.587595229202
2026-03-13 22:00:00,142.67091227165835,142.9354776156117,142.6429774430872,142.71441753168193,7659.381263233674
2026-03-13 23:00:00,142.9706462052921,143.2695988228115,143.08003107791922,143.11844643082253,6956.394381901963
2026-03-14 00:00:00,143.0729608068348,143.6613570873515,143.06482526887518,143.3020900875232,8445.492593847452
2026-03-14 01:00:00,144.11033221684107,144.42311633300193,144.00453261320922,144.22118192592075,7168.65960736289
2026-03-14 02:00:00,143.9524163533095,144.19055259278133,143.75517529800683,144.10944893473481,5806.020751727494
2026-03-14 03:00:00,143.96846176621779,144.12980252126292,143.71044302896206,143.93479053667573,3132.607263293411
2026-03-14 04:00:00,143.87326732806517,144.0204686252256,143.76549644967977,143.92508073373185,7694.993297067571
2026-03-14 05:00:00,143.71966712930723,144.02083158388595,143.5733113550269,143.77349084231471,5260.94081054447
2026-03-14 06:00:00,144.07502048866823,144.4025565297197,143.96169105143966,144.17346179328575,3653.1251560675837
2026-03-14 07:00:00,143.04204994581622,143.66109045217829,143.33248261640026,143.36530648906745,8217.516481675979
2026-03-14 08:00:00,142.98929635436903,142.95937710032482,142.36743211506078,142.83846527949427,7270.422403177255
2026-03-14 09:00:00,142.204536766427,142.5079646283275,142.0525767168945,142.30456381870468,9436.0560681223
2026-03-14 10:00:00,142.73847560770648,142.8432154351488,142.5587167838892,142.77971761469146,2488.9747601698996
2026-03-14 11:00:00,143.48953508445348,143.9051737791749,143.37350790255456,143.63502430098242,6842.703561728438
2026-03-14 12:00:00,143.67999272605775,143.8346868097577,143.31185859365502,143.5827996917137,3198.155212793584
2026-03-14 13:00:00,143.51273172382244,143.74796933222146,143.31244417866895,143.4983888301187,9132.246867714775
2026-03-14 14:00:00,143.45077838314867,143.73357681481096,143.39653902529935,143.53341491167527,1895.4947283095412
2026-03-14 15:00:00,144.07513110184496,144.35583135205826,143.8544089943472,144.11435406297937,6905.456258003895
2026-03-14 16:00:00,143.81849548809657,144.01111140671495,143.41210641183093,143.65067749588408,8119.77149375227
2026-03-14 17:00:00,143.76256504406336,143.9413525615473,143.65085099716043,143.7698619872515,4194.260563282365
2026-03-14 18:00:00,144.2392874483811,144.4713253205137,143.91555724100598,144.2574608021427,9587.242714454283
2026-03-14 19:00:00,144.4138697384987,144.5993952571945,144.27867268348032,144.50800788711263,8656.576161274335
2026-03-14 20:00:00,144.41334058036477,144.71597259925215,144.32981675918523,144.602798695412,3651.5646971641304
2026-03-14 21:00:00,145.0873178743376,145.31310307100486,144.76412965292755,145.10332174169554,1067.869834443988
2026-03-14 22:00:00,143.7842541064284,144.06209894986614,143.54951671307947,143.75170559519594,3669.9145850625478
2026-03-14 23:00:00,144.20060170139413,144.2650151725362,143.85894805426295,144.09064325496138,3531.7942342366828
2026-03-15 00:00:00,143.5387557599477,143.94001376046646,143.48260268954706,143.76360541339767,9009.68146750818
2026-03-15 01:00:00,142.73577933226713,143.007600440519,142.72077507334944,142.84828896496944,9704.090604292727
2026-03-15 02:00:00,143.0458161556763,143.2504145976475,142.89848509844734,143.10389026473194,1633.959873732343
2026-03-15 03:00:00,143.7903714524561,144.0202166828843,143.5781646786483,143.7907195373134,5241.653456799851
2026-03-15 04:00:00,143.70749191084673,143.7722695154817,143.6176011351679,143.72199527999956,5934.987986768162
2026-03-15 05:00:00,144.18626368503232,144.52652651126772,143.76666887473365,144.19843255360104,1836.2049519673296
2026-03-15 06:00:00,145.04538128845235,145.1380294527824,144.9453010269446,145.00457168259535,4397.479382237703
2026-03-15 07:00:00,145.5716995983095,145.9342192579312,145.59183929975612,145.6620289093874,3853.7417565365554
2026-03-15 08:00:00,146.57542531829645,146.55501131433368,146.15058851650272,146.48201117407308,5824.507188943786
2026-03-15 09:00:00,146.896420163779,147.11995893266368,146.58174829452938,146.85307491960904,6950.718097587442
2026-03-15 10:00:00,146.85880851264702,147.15798619984128,146.7933882208079,146.89079173905984,7331.365994469099
2026-03-15 11:00:00,146.24989963230013,146.32822904031184,145.8290799316011,146.08980883311125,2230.795212520488
2026-03-15 12:00:00,146.12241919260345,146.0673347368663,145.61999254454653,145.96677758904627,8316.529317501592
2026-03-15 13:00:00,145.63844382690755,145.770109110348,145.34818059714786,145.54515429138817,7106.87826811683
2026-03-15 14:00:00,146.32876997308028,146.71232003166364,146.1707433601296,146.63062565013706,9001.674250720476
2026-03-15 15:00:00,146.7005772531927,146.71740641841131,146.51508892500772,146.54268274392092,5044.024534918907
2026-03-15 16:00:00,146.68376099956032,146.90722645740865,146.33490280192723,146.60428514731313,9045.007864499725
2026-03-15 17:00:00,147.08066869910468,147.15969802804045,146.56337500171128,146.88002783533338,8791.967101204678
2026-03-15 18:00:00,147.02557551769297,147.10334735277365,146.6126946683591,146.9018290585196,4945.683991233426
2026-03-15 19:00:00,147.90718884648473,147.8518739211427,147.56979015139956,147.749354578735,4430.2898376368075
2026-03-15 20:00:00,147.52589538288578,147.70258866908517,147.26707404606887,147.43802989786775,9395.308134732311
2026-03-15 21:00:00,147.67020294535092,147.73727174925617,147.29091910837764,147.53533362548637,7436.482610845939
2026-03-15 22:00:00,147.3635107067108,147.19612989246042,146.88252288397217,147.16409833263737,9354.20811794268
2026-03-15 23:00:00,146.52574255086483,146.78235005965865,146.24383973339877,146.504087077027,8172.773010062318
2026-03-16 00:00:00,146.04097947716656,146.3957792481874,145.89419674249504,146.19820253157437,6483.676953622729
2026-03-16 01:00:00,146.14893804304864,146.49992925784846,146.08157112875682,146.17968413305016,2042.6749930338806
2026-03-16 02:00:00,146.00402758072988,146.05550596890726,145.7878101187039,145.96503302079154,3623.3260532118866
2026-03-16 03:00:00,145.62631128929175,145.7364929121742,145.51282412406698,145.6188225308546,9719.581663885523
2026-03-16 04:00:00,144.79100760240274,145.1435721848532,144.7542750766273,144.9156637990187,3874.79888842784
2026-03-16 05:00:00,144.71100425018483,145.10326738037253,144.57258892352291,144.87411101270433,1839.293828068337
2026-03-16 06:00:00,144.04763455882537,144.1526836629282,143.91095243361633,144.12175082568885,7367.980203273878
2026-03-16 07:00:00,144.58255276313204,144.60392885294698,144.04109289121865,144.50177880753364,7606.038290893158
2026-03-16 08:00:00,144.7010326610832,145.0185204583729,144.32365804728192,144.5429986840009,3569.119482584357
2026-03-16 09:00:00,143.9058796956462,143.98366187285305,143.60825374621047,143.81422293426843,3679.0478141167337
2026-03-16 10:00:00,143.76536112445493,143.93271429338114,143.44900010379948,143.6596183957435,5220.036869579055
2026-03-16 11:00:00,143.27545863563185,143.41847421021137,143.1473210622342,143.2835401929482,1196.1005478603
2026-03-16 12:00:00,143.26891920238722,143.45215773804313,143.24891110939558,143.4431274481578,8103.907093250472
2026-03-16 13:00:00,144.0678306130811,144.29632684648976,143.8005738684582,144.11335267116937,3853.79908546713
2026-03-16 14:00:00,143.14988999515924,143.3492059803179,142.96436936953373,143.1757664363465,8683.867918017799
2026-03-16 15:00:00,143.18357422723662,143.39329165205336,143.11262544890855,143.2332794759202,8223.673794400303
2026-03-16 16:00:00,143.15868256467436,143.34174899458625,143.04572154018476,143.1532130781369,6952.618298069048
2026-03-16 17:00:00,143.5330250923514,143.71530994352668,143.33390330552868,143.4888831163621,3923.8738038935985
2026-03-16 18:00:00,143.6807829493053,143.78046973535558,143.38809508703986,143.59548143048096,5646.84905495053
2026-03-16 19:00:00,143.19168477817493,143.29309614781684,142.90013811106394,143.21949676461156,5003.463318381631
2026-03-16 20:00:00,142.86959385621378,143.30858827593443,142.9940186609149,143.05996979677823,4049.936976238068
2026-03-16 21:00:00,142.61366909644735,142.66701969284424,142.49393949616535,142.66195686837648,8633.226603728604
2026-03-16 22:00:00,143.204331477375,143.2049961834042,142.9855294357323,143.1999604376758,5351.563671198987
2026-03-16 23:00:00,143.3328970542251,143.48453431148192,143.19398683877472,143.21061626201177,8494.507880174318
2026-03-17 00:00:00,144.10443082066985,144.4119136321018,144.0445714331849,144.16121160488825,1946.9662672764184
2026-03-17 01:00:00,144.18213556082088,144.32514166147354,143.99887005195458,144.13088119798095,2269.2230974030217
2026-03-17 02:00:00,143.80568660448927,143.83713296405023,143.65627485191078,143.77667781452573,9795.88274601679
2026-03-17 03:00:00,143.02421067153165,143.1490295241519,142.80063166371716,143.0198206182193,6289.916163454806
2026-03-17 04:00:00,142.21130411202378,142.29197610532268,141.9343067410415,142.11825078009133,5587.927061491441
2026-03-17 05:00:00,141.26009868891336,141.3665934117312,141.18171141884872,141.3261828085886,5708.404568297005
2026-03-17 06:00:00,141.40222748912998,141.585843268292,141.21694987143906,141.45974613409433,2937.4189662957383
2026-03-17 07:00:00,141.71291856339988,141.97934167952698,141.34180117394467,141.7141086457093,7468.335545517757
2026-03-17 08:00:00,140.85949864418387,141.26624383112215,140.55958764301906,140.92351329469324,1763.0256135677894
2026-03-17 09:00:00,141.42183368083678,141.52908897646546,141.36330962893754,141.3710324517313,6159.913417927209
2026-03-17 10:00:00,141.05818269545296,141.40515076132118,140.87179470750607,141.12950192588957,6136.919169273113
2026-03-17 11:00:00,141.22552885265685,141.2114924248236,141.02070076088873,141.20289843188235,9227.695817201598
2026-03-17 12:00:00,141.9989914691314,142.27495387012144,141.79349321172353,142.00900874601007,5735.645290943743
2026-03-17 13:00:00,142.47892100042048,142.5770335624701,142.2972567072971,142.45742840394283,2233.5642637676156
2026-03-17 14:00:00,142.2771889404836,142.5538976416607,142.1114042170012,142.3231630799899,6154.779333233463
2026-03-17 15:00:00,141.8436581378296,142.05279172545832,141.6624262276751,141.8775669672823,1821.9487992879913
2026-03-17 16:00:00,140.81126019341733,141.13370066759603,140.65955444235252,140.80165926661763,2834.144517699295
2026-03-17 17:00:00,140.46229005761256,140.55463904216242,140.33171936177894,140.44208260699642,1279.9772576867451
2026-03-17 18:00:00,140.33609729604345,140.59927811733874,140.1813870558445,140.33651748758257,5619.642242135485
2026-03-17 19:00:00,140.01346395965828,140.01497697767732,139.6195017975613,139.84292772400698,1760.7935376421513
2026-03-17 20:00:00,139.67822554858668,139.96146869265985,139.5173996062924,139.77729924046082,5224.549406781961
2026-03-17 21:00:00,139.80930480244493,139.99733979262427,139.5303902842062,139.8157251819402,9396.505317917297
2026-03-17 22:00:00,139.54593428882447,139.81872988058677,139.55271619334286,139.70329719103617,7477.852717173989
2026-03-17 23:00:00,139.4155040484912,139.57688600403378,139.14991144389415,139.37829590062444,1696.7050680276375
2026-03-18 00:00:00,139.35109858297014,139.65635841439564,139.1663729774125,139.4626232366078,3017.8883098795886
2026-03-18 01:00:00,139.65576253580485,139.9077175862332,139.3670340718781,139.6835935613925,7062.961779040908
2026-03-18 02:00:00,139.10118759013795,139.34684453724037,138.94427730808425,139.1383940226711,9052.316749217653
2026-03-18 03:00:00,139.87194932520435,140.12365966750545,139.6659533850382,139.84386021254423,1296.2672808755838
2026-03-18 04:00:00,139.73928705464758,140.08691700800685,139.57545372301846,139.7945661464021,8312.060185485347
2026-03-18 05:00:00,139.74446038810513,139.89892862569175,139.71896170516428,139.80399095787453,6056.324923044778
2026-03-18 06:00:00,140.3016838159114,140.44497541956187,139.97745912060637,140.1580981695028,5914.821927667534
2026-03-18 07:00:00,140.303162914182,140.35607259242357,140.00024759528722,140.27470623513454,9620.318644780222
2026-03-18 08:00:00,140.69516946688893,141.01006014090493,140.4870798391468,140.75127455209116,7728.801513370958
2026-03-18 09:00:00,140.869753267511,141.15681051316238,140.72186339512848,140.8948366346921,8651.069812505008
2026-03-18 10:00:00,140.75315344259894,140.5974862582056,140.36684612726313,140.58861794737186,4185.960125902
2026-03-18 11:00:00,140.7458532221498,140.97866763462784,140.651834744004,140.7693697099749,5989.276367455688
2026-03-18 12:00:00,140.12857894399934,140.35065699497855,139.92715739149207,140.1975066063146,6538.651096849937
2026-03-18 13:00:00,140.18328684419023,140.37590993340933,140.0595686028165,140.25178645920286,3894.2554632621855
2026-03-18 14:00:00,140.18025881578166,140.5702566969505,140.06276660905024,140.23517146388062,6132.233124526596
2026-03-18 15:00:00,140.0716632630017,140.26574512118063,139.96728541885372,140.13111303524437,3129.898415317424
2026-03-18 16:00:00,139.93887949468998,140.18620658661308,139.8731336662149,140.0668442795249,2290.381039614156
2026-03-18 17:00:00,139.01349974708137,139.33348925077658,138.97070752126925,139.12591975677606,4365.732333495994
2026-03-18 18:00:00,138.76862526546944,139.12011627753543,138.58574299930532,138.85155730290558,7653.606658717933
2026-03-18 19:00:00,138.95713685532144,139.08381489487513,138.73750810827775,138.89797975347614,9245.684332664989
2026-03-18 20:00:00,138.93978422074755,139.29454500404177,138.61861153987212,138.97790794947485,5119.426463484093
2026-03-18 21:00:00,138.44335421010243,138.71716794520825,138.1175493286637,138.46407037901184,6785.413194478885
2026-03-18 22:00:00,139.2239331019697,139.11474543141733,138.98607864842964,139.0969242994442,1927.3341787759043
2026-03-18 23:00:00,138.7933375903308,138.81089017898626,138.45686644839404,138.66383687533695,9140.173826970959
2026-03-19 00:00:00,139.12035298128654,139.29238126566514,139.01363113773394,139.14856547560032,6117.437922129409
2026-03-19 01:00:00,139.29907630546782,139.6100987518791,139.194827412855,139.36216265653616,8023.044228626413
2026-03-19 02:00:00,138.9526059702469,139.1015307072517,138.63880625484978,139.03904900161427,8149.9708082925445
2026-03-19 03:00:00,139.99598202488983,140.38160541879077,139.7574615896306,139.926704447919,3308.3247373129534
2026-03-19 04:00:00,139.30941530868856,139.5829886415302,139.09386342833304,139.32988603204078,5762.570078636646
2026-03-19 05:00:00,139.7508136298135,140.00435079923756,139.53533098944496,139.7894631188458,9644.317764048797
2026-03-19 06:00:00,140.20838782035352,140.6079110495092,140.1898172151156,140.28975427786727,1806.71090338745
2026-03-19 07:00:00,139.8774775324278,140.3888095786102,139.83995372076987,139.95444417332894,7147.449082266071
2026-03-19 08:00:00,140.68268264251043,140.93775148781992,140.5712790605019,140.6506768233611,9660.376702316547
2026-03-19 09:00:00,140.3941097394729,140.8205348757088,140.4142506394514,140.52565356606164,3705.1939724861995
2026-03-19 10:00:00,140.76948725008037,140.883069383148,140.58499736976984,140.67000038070157,8753.031292639133
2026-03-19 11:00:00,140.7467768357057,140.9860087247505,140.5457030600078,140.80016130008718,9402.917908674444
2026-03-19 12:00:00,140.71804333492673,140.8854273849514,140.32758754522632,140.73300692935192,7723.775884553425
2026-03-19 13:00:00,141.00471327011775,141.25579986676033,140.92362899202814,141.1384110659318,3081.9548107626247
2026-03-19 14:00:00,141.53391883238365,141.66645401623794,141.47678231214195,141.5351554262079,4006.006469439345
2026-03-19 15:00:00,140.62805734531975,140.7258338431545,140.5251670778788,140.6608894395888,1322.2836497595765
2026-03-19 16:00:00,141.30805150114224,141.5054724159594,141.15894724553038,141.3130595610279,8483.079108208198
2026-03-19 17:00:00,140.62898445684624,140.5133468092874,140.38357204473138,140.48181356701005,8646.50067859972
2026-03-19 18:00:00,141.0158564737599,141.21717832159524,140.71206840534137,140.99808666918088,6694.392789695735
2026-03-19 19:00:00,141.4819733191801,141.75780617679044,141.28041323315713,141.56143923759467,4172.750661374662
2026-03-19 20:00:00,140.9448240314324,141.23064955232573,140.93150120186883,141.01595602248707,1691.2992487592849
2026-03-19 21:00:00,140.87006199710117,140.95833572150778,140.53804077406505,140.8105488785098,7777.518489234185
2026-03-19 22:00:00,140.38756587336616,140.76538258128488,139.9050152779091,140.25769654426682,7538.735742489306
2026-03-19 23:00:00,140.17842783119752,140.48624761914044,139.75998020859947,140.15023602912242,9213.42269565011
2026-03-20 00:00:00,140.06509016148505,140.0717646370211,139.50969768472095,139.99621888702956,7574.7881890482595
2026-03-20 01:00:00,140.44702292549792,140.60933596190694,140.27624841810857,140.38604915316424,8458.254480196018
2026-03-20 02:00:00,141.1831099675598,141.18040291193032,140.55878148358454,141.04120352622405,7713.591561135996
2026-03-20 03:00:00,141.54408641434642,141.83759745894827,141.5744660704699,141.73904543161902,6676.184694810848
2026-03-20 04:00:00,141.52468331226035,141.5239542112175,141.31720796386793,141.4579614183299,4842.697547719084
2026-03-20 05:00:00,141.45172408584796,141.59657215053352,141.12064324396982,141.3533504814576,9119.0557777805
2026-03-20 06:00:00,140.37775901473358,140.64349336184017,140.36983751875644,140.51163138534713,6858.717147167228
2026-03-20 07:00:00,140.02012953369842,140.40547895450158,139.8687919380344,140.10869635209906,4585.197897693181
2026-03-20 08:00:00,140.50604389378495,140.8905003901008,140.52312988742148,140.59112216864776,1751.223656637615
2026-03-20 09:00:00,141.32603456078417,141.73630501894303,141.22278884062823,141.3989135804219,3616.343703139439
2026-03-20 10:00:00,140.7335674393884,140.89650046787455,140.45318092104577,140.78173914448195,5893.540613471483
2026-03-20 11:00:00,140.50976729621098,140.7330435759747,140.2912131440486,140.4855070149055,3480.7183301457508
2026-03-20 12:00:00,140.55887160154276,140.73554955809027,140.25814455775205,140.47230413642603,2991.118131261119
2026-03-20 13:00:00,140.7205164116127,140.76496689832544,140.3648588553641,140.61238471583584,5746.541626790625
2026-03-20 14:00:00,140.12380064975824,140.33040576013573,139.89051679294326,140.207582955875,2528.3831130616113
2026-03-20 15:00:00,140.33514317823676,140.78056554468466,140.385135949326,140.41961347810707,8203.690569925931
2026-03-20 16:00:00,140.3142759885732,140.4054433921448,139.92424139938785,140.18269380457158,5359.313362083922
2026-03-20 17:00:00,140.24014206267432,140.4390644442036,140.00228158305663,140.17546766913244,6164.764965663851
2026-03-20 18:00:00,140.4568962773212,140.5664021919515,140.2319460036031,140.4486097931343,2326.449408376137
2026-03-20 19:00:00,140.4991545955953,140.52989248138755,140.14582591106355,140.45182092803978,3921.1870206643066
2026-03-20 20:00:00,140.23064760459133,140.37668300532727,140.15304664791768,140.23362798277648,4690.807149350377
2026-03-20 21:00:00,140.23128154911834,140.36642094207457,140.0800875249579,140.17882308081357,8273.915474648527
2026-03-20 22:00:00,140.10103493156032,140.22821960052914,140.12818459718227,140.1346416012109,7931.435707775373
2026-03-20 23:00:00,139.97651657971375,140.1486516054048,139.8045519804462,139.94963608626983,3006.7972730891324
2026-03-21 00:00:00,139.66918344989932,139.85138753612944,139.4871948204984,139.82023805493628,6545.611734463069
2026-03-21 01:00:00,140.5507832107061,140.70755689794166,140.43162035903597,140.61956164018864,3191.107219947978
2026-03-21 02:00:00,140.83232024648024,141.16711248898696,140.83403385372475,140.90002136415927,9894.224401212208
2026-03-21 03:00:00,140.714842201824,141.01266025717248,140.6008490796022,140.7522812051447,9569.114903177835
2026-03-21 04:00:00,141.00810708192208,141.26157073086137,141.04954457774912,141.10075840740006,6069.382484685584
2026-03-21 05:00:00,140.88049429993976,141.03207223161436,140.84636727269518,140.93384866252205,7290.123147047287
2026-03-21 06:00:00,141.36896957507554,141.61767062616278,141.28152909028898,141.52041098131537,8212.873439877805
2026-03-21 07:00:00,141.76010212505392,141.8679052528203,141.62261941004502,141.70523207741442,7488.985780404135
2026-03-21 08:00:00,141.64332965352116,141.91603285457683,141.34031757489197,141.6515810054123,7298.458219741788
2026-03-21 09:00:00,141.70491870753983,142.16826403745188,141.68255149740048,141.87543946831744,9626.986071545753
2026-03-21 10:00:00,141.00651840122853,141.240348218735,140.88144192188875,141.0900013922832,6368.10495676555
2026-03-21 11:00:00,140.56027780058452,140.61126841522983,140.35445495458907,140.5266176578283,6726.724046371501
2026-03-21 12:00:00,139.8753529599902,140.15643951841543,139.6523703707744,139.9296551546288,8643.41875394363
2026-03-21 13:00:00,139.93143255599682,140.11877320494804,139.72281071323292,140.00112670201062,7029.017810725662
2026-03-21 14:00:00,140.85992493405237,141.01555893786704,140.63387876656196,140.86738420175317,7596.393598157702
2026-03-21 15:00:00,142.01739402836733,142.3155618838932,141.72655536425873,141.9830342748495,3107.518175769782
2026-03-21 16:00:00,142.15842457986597,142.58477136842646,142.1232687925619,142.30205982556987,4341.402317035638
2026-03-21 17:00:00,142.60749491116388,142.76827949426726,142.2982617623512,142.5524820630421,2325.7121114070374
2026-03-21 18:00:00,141.571923867805,141.72476129585448,141.48574097351312,141.65195319596575,5551.88898101325
2026-03-21 19:00:00,141.37882349927372,141.60175595284576,141.18039313388246,141.3806162960987,5101.546606122217
2026-03-21 20:00:00,140.98318240607546,141.29299014922336,140.81418879508124,140.9867244201446,9974.465328515113
2026-03-21 21:00:00,140.62359400919507,140.8387372544425,140.52202247495094,140.67630062101904,6500.877875339882
2026-03-21 22:00:00,140.48986273711358,140.92734012072532,140.46113989149882,140.59222871172665,8078.00340874981
2026-03-21 23:00:00,140.32761476806886,140.6854579518299,140.10941441249219,140.35618342287808,4006.132036818888
2026-03-22 00:00:00,139.5290665485977,139.73290680090454,139.03547292640883,139.3665335176902,8483.90798208517
2026-03-22 01:00:00,139.6043211427026,139.97101295840207,139.42337844858199,139.74048864574894,6535.764698389151
2026-03-22 02:00:00,139.37334843478953,139.46285630285965,139.1297736664736,139.20411713287905,7272.9309843859455
2026-03-22 03:00:00,139.29776844782697,139.66515929376772,138.99482025979393,139.3237405649346,3649.8770015450896
2026-03-22 04:00:00,140.36431904151848,140.60552129351652,140.1925977499714,140.3607818998096,5937.745525260194
2026-03-22 05:00:00,139.7924185228779,140.05096619323737,139.64101630250184,139.9010896040164,6706.332760722478
2026-03-22 06:00:00,138.55881890097547,138.79109155899044,138.52656737584795,138.63594584264322,6301.852082349229
2026-03-22 07:00:00,138.44265276669938,138.71679922708054,138.27874574031577,138.49294373170318,9236.7434028211
2026-03-22 08:00:00,138.93885405211466,139.11436740700785,138.81205123091277,139.04342354920246,9084.453980432982
2026-03-22 09:00:00,140.00170548057565,140.20827138477634,139.97105775550472,140.02259727631275,9738.856520891835
2026-03-22 10:00:00,139.36712088990586,139.71747719090956,139.14699576245212,139.40782247908655,7006.852054062904
2026-03-22 11:00:00,139.84125020494838,139.67529747582134,139.321578589921,139.6561720907048,9747.227171131162
2026-03-22 12:00:00,139.30691944374675,139.77696507249425,139.24098165688295,139.42351686231478,8492.30200028718
2026-03-22 13:00:00,139.3808117368376,139.68278010703304,139.0345258720799,139.37054268516272,3437.4892630596337
2026-03-22 14:00:00,140.71749898686144,140.84673789708822,140.5116837080165,140.69271435867125,4846.921025961674
2026-03-22 15:00:00,139.83419713960848,140.19556827726083,139.656270741369,139.94122919447366,3145.531979701088
2026-03-22 16:00:00,140.13678177476623,140.2684137979116,140.04624202862584,140.06809902522096,1037.7744474750868
2026-03-22 17:00:00,140.2621129098155,140.62494464794753,139.8600678331723,140.30194561110366,2692.4387783221773
2026-03-22 18:00:00,140.59559980841505,141.14310708785032,140.49529294904906,140.84483877357334,1036.545276581881
2026-03-22 19:00:00,140.95981531151926,140.9538232779905,140.72229290073417,140.8938303503088,7478.54615215441
2026-03-22 20:00:00,140.93616153165058,141.30658186140724,141.0450645227252,141.04785562006083,4829.808679490796
2026-03-22 21:00:00,140.74725384173604,141.0314685509856,140.6232284995194,140.85203133634994,3813.1725437007244
2026-03-22 22:00:00,141.05538501526175,141.19487806402432,140.93098736167988,140.9865948069725,7855.488019856692
2026-03-22 23:00:00,140.78028252098196,140.94218147912682,140.57051331546805,140.8149986692238,8492.380971576806
2026-03-23 00:00:00,141.21756182920697,141.5005983210639,140.8846280422354,141.12578461415183,9777.69584784892
2026-03-23 01:00:00,141.06199605566653,141.24498562812025,140.8351197630302,140.94097944613,6778.1222620771705
2026-03-23 02:00:00,141.06503679704886,141.2555525266838,140.81743294071967,141.1295296430811,5153.760626860465
2026-03-23 03:00:00,141.19422448583413,141.1814371755476,140.834340765958,141.11489823623862,3747.378714466923
2026-03-23 04:00:00,141.60237728148542,141.8393560985269,141.38034102789584,141.6779233616247,3000.8638829280367
2026-03-23 05:00:00,141.87553809154366,141.89567676443957,141.45134072946357,141.65222649983045,2916.333554343411
2026-03-23 06:00:00,140.69641456527387,140.98973085012162,140.70726267241835,140.765710265727,4682.704372478189
2026-03-23 07:00:00,141.49927976017997,141.7219842985608,141.09888378886288,141.39667101608399,9926.077197591369
2026-03-23 08:00:00,141.02818386824083,141.22279683787076,140.77084200556627,140.94380486565268,1007.6832769366295
2026-03-23 09:00:00,140.6485304785392,140.91387859890358,140.55589971064757,140.6169216963283,2774.8530750790073
2026-03-23 10:00:00,140.25203673316486,140.5517765893676,139.9838871127091,140.31909104930654,2695.5368416321644
2026-03-23 11:00:00,140.9911703466978,141.06738022287084,140.59636934384167,141.00631009589193,7454.075369790631
2026-03-23 12:00:00,139.72311417760812,140.1189031357879,139.7425978018005,139.9384729889026,4172.362548382556
2026-03-23 13:00:00,141.5297892595708,141.81335622972344,141.09143514027227,141.50734725573258,5115.347241326385
2026-03-23 14:00:00,142.07033719336843,142.23022336741315,141.82624418740446,142.0353756602656,2337.617174229145
2026-03-23 15:00:00,142.16034505923633,142.39730415419257,141.98504070774683,142.1469951173302,4644.97334989253
2026-03-23 16:00:00,141.8222174998928,142.28767328549745,141.9825939624406,142.11954811702205,1928.7983071525243
2026-03-23 17:00:00,142.1357615099419,142.3593439695967,141.8986169136516,142.26232515445088,5797.389590997248
2026-03-23 18:00:00,142.44807727035567,142.71055196223594,142.40090075677932,142.52288636864054,1881.4452884457035
2026-03-23 19:00:00,142.87466005493448,143.07639890591884,142.57196723061807,142.84549416161556,8114.575430558406
2026-03-23 20:00:00,143.1522302851816,143.25772762267113,142.9792127781232,143.12329639461728,6099.415457864406
2026-03-23 21:00:00,143.15106435604778,143.34451561075926,143.01411741150235,143.1680867352449,7515.710863961652
2026-03-23 22:00:00,143.13294207875163,143.17547120089264,142.7663925556943,143.06941752509124,4766.647479874155
2026-03-23 23:00:00,142.8911566457342,143.3057053750209,142.83178456789344,142.9937808832645,4433.4216391800455
2026-03-24 00:00:00,142.95735024365754,143.06688116732934,142.73680628103017,142.89632674308814,1883.8800014397725
2026-03-24 01:00:00,143.51068600200568,143.80848734603433,143.14993132180422,143.4632117915217,5714.700463385404
2026-03-24 02:00:00,143.7977456259459,144.1128649377162,143.40025042333994,143.7599901526621,5630.519483713828
2026-03-24 03:00:00,142.27159179222141,142.48169123885782,142.02532685500157,142.28979583532998,5212.918400046448
2026-03-24 04:00:00,142.80082060607796,142.71690135034012,142.48322320115724,142.61774622359485,7664.665282142043
2026-03-24 05:00:00,142.76443388980326,142.7237041087276,142.566175170884,142.71511432095426,8492.539600291191
2026-03-24 06:00:00,142.60892635640596,142.7585562354286,142.4977684163573,142.7057599427313,7757.107074536573
2026-03-24 07:00:00,142.53633126376045,142.57411723369697,142.27940770999427,142.51150071618684,2294.7916852615945
2026-03-24 08:00:00,143.1488054138873,143.411404038926,142.97234366719385,143.07355707617987,6598.535583538973
2026-03-24 09:00:00,143.48850944734886,143.75890276596397,143.2750165132833,143.54732030724128,1722.9079512058004
2026-03-24 10:00:00,143.2698086980226,143.39984192573868,142.95233014036552,143.16088147332948,7251.600586964289
2026-03-24 11:00:00,143.40261098746336,143.38644971778527,143.33597844875555,143.36440761689175,4436.55186905014
2026-03-24 12:00:00,142.64433141585457,142.95878260669937,142.77147189786717,142.8785792496211,2192.4906063965796
2026-03-24 13:00:00,142.21873736496042,142.47747814487127,142.03918303459182,142.18877016722664,8758.45771278515
2026-03-24 14:00:00,141.83480863949038,142.1040889661699,141.68269732381574,141.87541155493165,6526.075051350436
2026-03-24 15:00:00,142.36032627257723,142.49188776325448,141.91768041157263,142.30660829112304,4192.524711527748
2026-03-24 16:00:00,142.87759229783626,143.03965504967107,142.55935368319712,142.78317081381107,1276.5446168544959
2026-03-24 17:00:00,143.0592297285739,143.4032933044733,142.92379071284958,143.03971352385972,5835.792331032495
2026-03-24 18:00:00,143.5687866406782,143.58015717093002,143.180198336853,143.40226141728374,9309.032906376093
2026-03-24 19:00:00,143.64247987238485,143.867287541107,143.4955593355866,143.6603505608412,6367.418494321291
2026-03-24 20:00:00,143.40209154553511,143.55886945510287,143.10713393927637,143.33960976322973,9744.855441575439
2026-03-24 21:00:00,143.63606529293043,143.99478199909407,143.29751426686312,143.5555710355667,2228.0600644341266
2026-03-24 22:00:00,143.94604120129125,143.96571142462244,143.63485273345813,143.95577579818053,6114.745941353532
2026-03-24 23:00:00,144.41079889388507,144.6012437645662,144.1353501126543,144.3329214630873,8183.1254320578655
2026-03-25 00:00:00,144.86791085010842,145.11589792394872,144.56348209606466,144.92737814882463,5729.8665801314455
2026-03-25 01:00:00,145.23927323052305,145.5382072450436,144.99072780617155,145.28153007242517,1819.5972038872533
2026-03-25 02:00:00,145.32600530716232,145.5915169207965,145.32799813067717,145.45725417619596,6245.97401392496
2026-03-25 03:00:00,146.0164702069912,146.18743279226834,145.57134372877934,145.99232929535418,6505.641152582245
2026-03-25 04:00:00,146.0115938333151,146.2502097236762,145.74636921440262,145.97906866572964,7558.383236278173
2026-03-25 05:00:00,145.6560576559737,146.04942236022018,145.42164379051303,145.5381313401158,7850.903636489265
2026-03-25 06:00:00,145.5357118585795,145.73740147708412,145.09130655302087,145.4565978581439,7936.954193895464
2026-03-25 07:00:00,145.05566698007593,145.19933997593762,144.67636877722083,145.08414653574067,6970.999542750694
2026-03-25 08:00:00,144.62873942952007,144.9041814300512,144.54985992462545,144.7465573982535,2942.3006777679234
2026-03-25 09:00:00,144.71758310314772,144.82895665205734,144.5246630889333,144.67429806289573,4638.121802555314
2026-03-25 10:00:00,144.3891634196372,144.29852378513274,144.0953255981411,144.27808810239574,7985.169753529588
2026-03-25 11:00:00,144.1996258349566,144.29109831840609,143.85263416482445,144.12410733757622,9580.84285060732
2026-03-25 12:00:00,143.28574775658504,143.4505829122815,142.84951433859626,143.17730000409932,1710.522683529598
2026-03-25 13:00:00,143.26275790466596,143.35652364587813,143.02689812469944,143.2839468577858,5819.830100174753
2026-03-25 14:00:00,143.23788769864936,143.58939786057198,143.07437727461976,143.28454959546693,3812.700441918758
2026-03-25 15:00:00,142.80231514470964,143.12478276204126,142.5262041029024,142.87600527993283,3028.545048851468
2026-03-25 16:00:00,143.20003846748767,143.33220478195193,143.03691176145418,143.20562811414902,5552.296151677435
2026-03-25 17:00:00,143.66655410336546,143.86026021922854,143.37132124912563,143.67441318296233,6454.804065008831
2026-03-25 18:00:00,142.89130101363173,143.23046543154192,142.69943953061295,142.87063325077781,1087.9500827753313
2026-03-25 19:00:00,142.47634111579117,142.7626256428453,142.24616856569364,142.48927086149473,8021.859149810718
2026-03-25 20:00:00,142.0913369136284,142.30557805209088,141.91605594308012,142.10469968660107,8378.939181335028
2026-03-25 21:00:00,141.55707873074942,141.81097980435052,141.44033335431192,141.63474813604662,9689.597421111397
2026-03-25 22:00:00,142.14364745836764,142.25714646405766,141.8872242087587,142.0494855570125,2625.7935990222545
2026-03-25 23:00:00,141.96022429385047,142.10139613183188,141.61808708450803,141.9525724876261,6350.973061248532
2026-03-26 00:00:00,141.8028706735423,141.8307900175427,141.69360767078166,141.8203150669708,4839.62836128755
2026-03-26 01:00:00,140.74364095944247,141.22260167582087,140.69240711002226,140.8183838847674,4013.450663998156
2026-03-26 02:00:00,141.00290158883294,141.35162539979197,140.72399354328752,141.13609289987204,6090.701062937542
2026-03-26 03:00:00,140.6472601217002,140.75627842895756,140.21867894597986,140.5164637024453,8041.447839011952
2026-03-26 04:00:00,140.60189388839163,140.74063924259076,140.50791864770915,140.54643001757844,1207.475051006891
2026-03-26 05:00:00,140.52272670230053,140.8116068064851,140.54164436047859,140.68511848655754,9724.60101309568
2026-03-26 06:00:00,141.44176201454786,141.546855336382,141.3466467182331,141.36544778447688,8288.934271351398
2026-03-26 07:00:00,140.80328570194064,140.7510981086979,140.60610665425887,140.71103758491734,7760.3833328102055
2026-03-26 08:00:00,139.213719119237,139.62899015681225,139.0874300403835,139.2012815070069,7843.486439624531
2026-03-26 09:00:00,139.45301736895894,139.3697550795415,139.10690523715314,139.29320627938375,4501.546386567873
2026-03-26 10:00:00,140.21513383435146,140.29026524175447,140.10765605205532,140.19346187013917,7764.584957603323
2026-03-26 11:00:00,140.67125269381398,140.96890912617027,140.60694452092926,140.8129350466089,4480.9318774266185
2026-03-26 12:00:00,140.95428165435104,141.24657232673144,140.88027688013446,140.9177647542462,9088.361466173137
2026-03-26 13:00:00,140.69643639160145,140.87339756135646,140.463655476113,140.67194666143018,2595.001449758227
2026-03-26 14:00:00,141.01517827487103,141.1518943801458,140.91699958756087,141.07550795974885,3631.1268179363633
2026-03-26 15:00:00,140.64609074358435,140.91416869597236,140.23853956337777,140.58873485989662,5962.037884291684
2026-03-26 16:00:00,140.66014721795563,141.10001380725325,140.48577805840014,140.8269137445747,3872.8993229854527
2026-03-26 17:00:00,141.1787055069023,141.33349231987967,140.801114263857,141.07964882415803,4818.13520765746
2026-03-26 18:00:00,141.52194160754695,141.88132720202458,141.4424151559736,141.60975377790749,5431.804204587352
2026-03-26 19:00:00,142.89108918485132,143.42901998742127,142.591045757837,142.98958379736303,8707.180139321577
2026-03-26 20:00:00,143.17440930372166,143.604301270456,143.14109530873637,143.1857917809524,5708.7302824782355
2026-03-26 21:00:00,142.974607260903,143.06263843379833,142.87166583105503,142.93130996809865,4262.138637531044
2026-03-26 22:00:00,142.934915218362,143.28091131128377,142.72690112199157,142.91852281200266,3229.625476316042
2026-03-26 23:00:00,141.95971894298083,142.27230167853398,141.60858104866597,142.03398485955807,4678.083809129775
2026-03-27 00:00:00,141.63601936489437,141.93653787562732,141.50686218470057,141.68662829401356,5641.6249397293295
2026-03-27 01:00:00,141.36868284021926,141.51275999179268,141.30031159927793,141.481987074957,7715.033714829127
2026-03-27 02:00:00,141.19747488582672,141.4029042994509,141.16413391160089,141.21994287598972,2089.438985551048
2026-03-27 03:00:00,141.40362243345766,141.4148379529729,141.00152735347953,141.29612031200656,2994.482694152358
2026-03-27 04:00:00,140.88448405205108,141.1677162273048,140.5895927203825,140.88491034581546,4416.886142818059
2026-03-27 05:00:00,141.53136710495363,141.75253372951798,141.1665181593377,141.4454256794777,4243.585646075631
2026-03-27 06:00:00,141.59106934570943,141.45297784703845,141.30845127922154,141.44552921193682,4525.732788446906
2026-03-27 07:00:00,141.3820771994638,141.63867556496706,141.3115497282048,141.4408790513675,8141.691381762921
2026-03-27 08:00:00,141.2582743678055,141.58911784359046,141.20624391815153,141.27693169311104,3917.389626659558
2026-03-27 09:00:00,141.57164632114677,141.53585913880917,141.14613978486443,141.35452703504052,5517.083623623982
2026-03-27 10:00:00,141.91151050857235,142.03998253187459,141.67511690030219,141.76707616737434,6615.163295721069
2026-03-27 11:00:00,141.16627060693764,141.56862760628158,141.25125271004381,141.33351105951888,3089.6069516524462
2026-03-27 12:00:00,141.04316764658736,141.23861883817654,140.84682188667236,141.00445281498128,7468.25848432785
2026-03-27 13:00:00,140.85264579982692,141.02545830278612,140.70150541811137,140.85258980059294,5924.001877644529
2026-03-27 14:00:00,140.2622996499422,140.25799625844274,140.03345219173852,140.17965433885632,5021.030467282402
2026-03-27 15:00:00,139.69552753224707,139.85787239425306,139.52338094931153,139.77002540899556,8288.056240644824
2026-03-27 16:00:00,139.44795413501916,139.80285022366877,139.32401019200822,139.53191497222323,3191.457332666638
2026-03-27 17:00:00,139.90150249105025,140.1710553881315,139.79792516563072,139.9691095625796,8948.58373552891
2026-03-27 18:00:00,140.04319737246072,140.28653900261983,139.88208893424942,140.10039022708057,6049.4386183003335
2026-03-27 19:00:00,140.27871759944526,140.3547961785321,140.0963378868748,140.19718518276434,6482.573914416924
2026-03-27 20:00:00,140.50451404653342,140.79211527930025,140.41210630145736,140.62263416384832,8875.530677520484
2026-03-27 21:00:00,140.4916868796527,140.85863944909744,140.33888802036415,140.55394826964863,8358.244190644024
2026-03-27 22:00:00,140.57027945556294,140.91565628642627,140.69948538054882,140.74918069461307,6414.058619397103
2026-03-27 23:00:00,140.79828160048808,140.76346334681668,140.3980004427098,140.69756981814683,7778.689334633567
2026-03-28 00:00:00,140.95735400278974,141.10461617040065,140.71839436336933,140.83025099284663,4899.875412096071
2026-03-28 01:00:00,140.50616432095447,140.71838399765437,140.3298406841202,140.53887166404084,5926.3997814977165
2026-03-28 02:00:00,139.2896681484213,139.5226026714559,139.0030219108491,139.31946308490262,1558.6312303766003
2026-03-28 03:00:00,139.29764569403775,139.61308133444942,138.95975582803808,139.25232350380946,1808.7212620004216
2026-03-28 04:00:00,140.11114577259727,140.1616415161244,139.76026423300257,139.96369757185946,8464.828637676988
2026-03-28 05:00:00,140.4676663477366,140.6557236402921,140.26305517326844,140.42680527298023,1537.04490114247
2026-03-28 06:00:00,140.83974982102833,140.991611666146,140.61475282441828,140.90950401527584,2524.5921306934656
2026-03-28 07:00:00,141.3656871189803,141.70560243094386,141.26009987839808,141.52756937617895,8162.493930553974
2026-03-28 08:00:00,141.4603855453933,141.83285077618052,141.43373467366408,141.57189817165965,1010.3135556543066
2026-03-28 09:00:00,141.6778779703937,141.71501865197834,141.55004539006262,141.67055602536246,3541.6389596127788
2026-03-28 10:00:00,141.2961973253252,141.58181458695685,141.35449455947568,141.3617300776453,6256.347920439596
2026-03-28 11:00:00,141.22319042023082,141.41377275689624,140.9882904654634,141.20369364963176,6359.049383223669
2026-03-28 12:00:00,141.4562868228937,141.71570797007607,141.31984899901917,141.51157922451733,7994.376174065263
2026-03-28 13:00:00,142.00770679997228,142.41723733296755,141.79990230563746,142.11352144310172,5553.336290429534
2026-03-28 14:00:00,141.9260951421159,142.27724215674607,141.80789279591318,142.04379830526122,5584.616825778733
2026-03-28 15:00:00,141.97493912377283,142.16651086267115,141.48528075341824,141.8187036728355,7527.795179866304
2026-03-28 16:00:00,141.90786642718217,141.9196087007044,141.68870407505543,141.8189676522638,5487.620169396551
2026-03-28 17:00:00,142.29262282191118,142.33316348345022,141.8057559936316,142.11957102672838,6476.419779072551
2026-03-28 18:00:00,141.45163870873714,141.60609029730063,141.25053525657208,141.39764361866162,9079.96661429546
2026-03-28 19:00:00,140.2065540012315,140.34262769271749,139.97179353591378,140.249553142093,4613.0590685113475
2026-03-28 20:00:00,140.10661880959617,140.26991421755633,139.92016055660025,139.9742847173472,4466.125638273
2026-03-28 21:00:00,139.36062170425393,139.79639583497539,139.1404149744535,139.36392850439012,1031.940926782942
2026-03-28 22:00:00,139.13194258259549,139.30815779811806,139.10832719971106,139.10985840556646,6520.836353691087
2026-03-28 23:00:00,139.03168580825016,139.2864703549851,138.8626819947519,139.03596824615772,1267.9471666641878
2026-03-29 00:00:00,138.51465361971782,139.01779588922776,138.56530864225843,138.80934404164623,5537.336407554846
2026-03-29 01:00:00,139.69605131011107,139.66421934189086,139.3876746640047,139.53557780888158,8238.10410129004
2026-03-29 02:00:00,139.74805058577851,139.71687416340254,139.60399395405835,139.69895019118275,5949.289634676968
2026-03-29 03:00:00,139.88216967707504,139.97861002267865,139.56457552405857,139.84918737098818,3426.725486950084
2026-03-29 04:00:00,140.1541133367828,140.2210951049147,139.97063722199456,140.16029094300987,8075.515793044341
2026-03-29 05:00:00,139.6072171661581,139.96128459192542,139.43983144882256,139.5908743841195,3427.4530367428497
2026-03-29 06:00:00,140.05070238424497,140.2989193084373,139.90624068571418,140.1104302778296,7597.286028513088
2026-03-29 07:00:00,140.1342060697926,140.23795620165717,139.60888122036732,140.07254813456188,6492.326096712081
2026-03-29 08:00:00,140.27707860874256,140.69670382566127,140.09243815820432,140.40778844318248,2529.9666707320107
2026-03-29 09:00:00,139.89046666990947,139.9596847163768,139.55560245984364,139.87185982666242,9146.204873597671
2026-03-29 10:00:00,139.1511377907115,139.21829403985393,138.85142581175515,139.09498044365438,2805.793146614761
2026-03-29 11:00:00,139.4840583592846,139.71073249959176,139.28727674540917,139.5039252726669,9906.283667266029
2026-03-29 12:00:00,139.72921681496274,139.995006934858,139.65252180688262,139.69213003571565,1065.794397894467
2026-03-29 13:00:00,139.14197081931346,139.4912727630538,139.1090022931832,139.2411042585369,3371.3503942861275
2026-03-29 14:00:00,138.70969004080996,139.03110523215116,138.6543301592198,138.80627271789956,2798.7426754677895
2026-03-29 15:00:00,139.3926618222096,139.57680188363054,139.3564793165117,139.36899011010695,1125.9406915341638
2026-03-29 16:00:00,138.8421391291354,139.01430774922596,138.69002574269484,138.7742841636733,7591.31110132584
2026-03-29 17:00:00,139.4081340747511,139.8157859308142,139.59370428739354,139.59562064030126,7240.832218896367
2026-03-29 18:00:00,139.19751233648842,139.24231304549963,138.94914265654705,139.14531027297733,8131.158679194375
2026-03-29 19:00:00,139.4101860857439,139.66911415794485,139.18262963869665,139.46450623578153,3310.286918181087
2026-03-29 20:00:00,139.28091638917627,139.39282813201524,138.9895195460446,139.30019699790702,4999.0165037467295
2026-03-29 21:00:00,139.4678389210917,139.8098989677383,139.36031226724026,139.6017907134482,6932.021694593927
2026-03-29 22:00:00,139.24457198837243,139.48166891824226,139.22607334651096,139.3297337123911,4957.916534993293
2026-03-29 23:00:00,139.344949791908,139.70227542163326,139.24154377520696,139.24833725935497,7275.931932861242
2026-03-30 00:00:00,139.27208318445082,139.46480740867764,139.24448371699296,139.2687968470528,6705.760675963979
2026-03-30 01:00:00,138.72942527899113,138.82727916253594,138.69460137688753,138.7677031191621,2031.8302271995883
2026-03-30 02:00:00,139.12646645660902,139.32469727080445,139.0270012616757,139.13811529187214,8029.388089692712
2026-03-30 03:00:00,138.93042969110277,139.13344438320013,138.69748335843548,138.88150850863633,7486.087231832665
2026-03-30 04:00:00,138.81125800058265,139.13454494558158,138.668624972779,138.76720855096633,6902.509488556648
2026-03-30 05:00:00,138.2625311636224,138.41108862366823,138.03613627429527,138.2700338636621,2395.842456439021
2026-03-30 06:00:00,137.0981629453541,137.03062423686205,136.81209438454437,136.98886703426442,3411.968039158273
2026-03-30 07:00:00,136.99039941665498,137.17503685410742,136.69229858179023,136.89335315296432,4538.593284288404
2026-03-30 08:00:00,138.14099806668384,138.16160099318083,137.78563580850368,138.0996608637708,3519.366594907991
2026-03-30 09:00:00,138.4974241860108,138.64834746356905,138.40998618113983,138.4919630077198,3050.292616085183
2026-03-30 10:00:00,138.54806492736455,138.6565707693015,138.24046236002337,138.4823328178526,8248.219031455981
2026-03-30 11:00:00,138.38231414542858,138.54392405791845,138.15228472609607,138.35088740324846,6744.090217241821
2026-03-30 12:00:00,138.4682003568351,138.63103679536195,138.19546897775146,138.3621203496545,6089.249183952253
2026-03-30 13:00:00,138.72563604491592,138.76731647901346,138.3471542751555,138.6356799072421,3033.5743976792846
2026-03-30 14:00:00,137.94344810944588,138.217900574371,137.75737208413196,138.04527349958767,9262.689060417772
2026-03-30 15:00:00,138.49383802984795,138.80100731162716,138.49708342652096,138.6024343469221,2720.647351875846
2026-03-30 16:00:00,138.89000005020233,139.17508480039461,138.77834106302853,138.96012500464275,8154.558395422094
2026-03-30 17:00:00,139.4168317365034,139.52900058496752,139.0910966992383,139.31921786749672,9700.054000347638
2026-03-30 18:00:00,139.38082483722445,139.7820563144238,139.3657564117038,139.53845573690157,7543.834563018125
2026-03-30 19:00:00,139.58773980465938,139.83264801671277,139.2897619325198,139.54826406574858,9935.728976661667
2026-03-30 20:00:00,139.9209489928413,140.1239580952971,139.65657548194096,139.884694683732,6859.460052801521
2026-03-30 21:00:00,140.2968665564713,140.4259603029536,139.79734562656708,140.18060175060268,2957.1430924350548
2026-03-30 22:00:00,140.02161526419854,140.04535907845752,139.95660930872515,140.00358139513216,2834.375443448602
2026-03-30 23:00:00,139.5824595696253,139.9218032786003,139.52902410765844,139.7167805086837,3921.078558299287
2026-03-31 00:00:00,139.6717731602499,140.01565941111488,139.65855890746593,139.7677086563147,1064.1701819890545
2026-03-31 01:00:00,140.4240191798725,140.81511285151933,140.28180798651837,140.54221873206228,7135.286230745512
2026-03-31 02:00:00,139.868870797602,140.05343011681194,139.88438238323988,139.92266519423532,3418.0100616504483
2026-03-31 03:00:00,139.17061240461672,139.32299863387024,138.9542712903366,139.1889025613591,8336.649090634775
2026-03-31 04:00:00,139.15473882935527,139.41387291444903,139.1342878251122,139.27128298197738,4232.553855033702
2026-03-31 05:00:00,139.4437930319706,139.55036822289452,139.1701430195175,139.2967268329054,5319.608441169815
2026-03-31 06:00:00,139.25086952789533,139.686785770583,139.32804748544464,139.38339766509057,9691.200249043324
2026-03-31 07:00:00,139.63998460643109,139.66462825331567,139.35188185866494,139.50537426404483,3179.5491074254937
2026-03-31 08:00:00,139.51228943987135,139.6845693680901,139.0853230836983,139.39377313672742,7491.286876867656
2026-03-31 09:00:00,140.2285351109974,140.35105283694494,139.94122372438144,140.13870485602848,7796.060103748755
2026-03-31 10:00:00,139.26887620604055,139.52582428907397,139.07548482500277,139.3382528667902,2988.9834177127163
2026-03-31 11:00:00,138.9582494423178,139.1028659314183,138.55754017220346,138.9240043544001,5508.97152950976
2026-03-31 12:00:00,138.7446398609705,139.1470381107858,138.6460014158433,138.87237697432556,4151.817327816715
2026-03-31 13:00:00,138.14187327225187,138.2833403504272,137.90666252595474,138.0507825687485,7947.156190600803
2026-03-31 14:00:00,137.95545688837885,138.39043790929722,137.71613014501418,137.96285536653247,6602.349871261336
2026-03-31 15:00:00,138.7526584279378,138.90836798509673,138.64802006402792,138.79359044939648,5283.847493744924
2026-03-31 16:00:00,138.68165920887884,139.05584386374744,138.65447596187417,138.80403369354445,8014.269385429464
2026-03-31 17:00:00,138.6716335345409,139.06646404542263,138.8713734263657,138.9193841464038,3116.400130075753
2026-03-31 18:00:00,138.18544767811392,138.40237306511864,137.99667601470904,138.2893017638175,7782.596925259232
2026-03-31 19:00:00,138.09240087935908,138.1800343460943,137.8197213173627,137.98112105979777,8788.36880883542
2026-03-31 20:00:00,137.7532395267883,138.00725811757647,137.5753130450542,137.79352286963578,8907.594371268153
2026-03-31 21:00:00,137.61773243554617,138.1264826767637,137.53826151411835,137.63466532125767,8053.062337176434
2026-03-31 22:00:00,138.34104265458842,138.45707263719123,138.031892455788,138.27548721875957,4672.127502984419
2026-03-31 23:00:00,138.73489963693376,138.64131487617365,138.43052687293564,138.55433274912212,9836.272204460443
2026-04-01 00:00:00,138.13110423614816,138.22590484240305,137.8127746428238,137.9986037706536,4416.342794401959
2026-04-01 01:00:00,138.024622659488,138.12932016362424,137.8340735567457,138.1218561598696,6747.628591921831
2026-04-01 02:00:00,138.17670997697425,138.56177135585756,138.09189110289475,138.370967034118,2449.667602625218
2026-04-01 03:00:00,139.17700297928863,139.14264408160815,138.74324456063033,138.94104155337862,9824.040087727535
2026-04-01 04:00:00,139.95821105782875,140.01077193495735,139.7081249999335,139.73131189666282,7335.873296781969
2026-04-01 05:00:00,139.24261016039182,139.52112702569167,138.7244837437428,139.22376480074888,7780.397907217315
2026-04-01 06:00:00,138.69128722058554,138.96797908325294,138.4437501481164,138.81833604514372,1591.9903307003015
2026-04-01 07:00:00,138.2858697690758,138.3744857142234,137.91727963319755,138.1895471156864,7870.760327986046
2026-04-01 08:00:00,138.06173881753165,138.19592510307183,137.947857564292,138.0725371861329,7972.510862985412
2026-04-01 09:00:00,138.2944182610454,138.3929101178753,138.11707558952625,138.30571637335606,7045.954537260069
2026-04-01 10:00:00,138.88882951596116,139.0303731095887,138.6537256746283,138.79938363165064,3627.1865241130927
2026-04-01 11:00:00,138.7948455945167,138.8340495649697,138.43502252591972,138.76140811982935,5407.2103794479335
2026-04-01 12:00:00,138.48290286710045,138.76002166814476,138.37523406911677,138.60148435820196,1993.9093417784482
2026-04-01 13:00:00,138.6448891608181,138.77784595833637,138.55577974016228,138.6773633543263,5244.283598132373
2026-04-01 14:00:00,138.32590719637744,138.51476022214035,138.1068674134238,138.2597919035113,3194.4146734036435
2026-04-01 15:00:00,139.3555864865992,139.68470427428537,138.99244245010172,139.3045612643587,4141.8728784467385
2026-04-01 16:00:00,138.52693240823552,138.57057195251934,138.14072096611764,138.50073075079968,2463.4036756332875
2026-04-01 17:00:00,138.68644333569512,138.60779919195775,138.2402678838989,138.59310104024752,3070.4893097220734
2026-04-01 18:00:00,139.56873245108065,139.79241546132735,139.32920094335697,139.60490414986236,1689.1177763810463
2026-04-01 19:00:00,139.62617104966426,139.80987385173813,139.4335665590226,139.60830407214235,9279.112297932292
2026-04-01 20:00:00,139.17572664462384,139.73515048531732,139.38913317210867,139.5132845546416,5773.69619177863
2026-04-01 21:00:00,139.2895968238521,139.48992979171294,139.10484584085555,139.33456184323637,4570.677741364657
2026-04-01 22:00:00,139.32075629321275,139.42430207247264,139.0445488782396,139.24436600235518,5815.262914919055
2026-04-01 23:00:00,139.89175079298175,140.1675412807475,139.71679203006133,139.93079023969347,6654.639056333974
2026-04-02 00:00:00,138.77823654485698,139.1289023732932,138.61946954932537,138.8248592840287,9296.909140324142
2026-04-02 01:00:00,139.48743083949938,139.59607125764504,139.52420235087178,139.59157613467687,2608.2365705768198
2026-04-02 02:00:00,138.97993414772472,139.04270361454866,138.6238567027667,138.8795975584518,3659.9724877169583
2026-04-02 03:00:00,138.80111772118863,138.96765227322868,138.4830497624314,138.74627139383458,9782.104027097032
2026-04-02 04:00:00,138.61419064346757,138.63985157322418,138.2634153054793,138.53164918368526,4340.73687983672
2026-04-02 05:00:00,138.65330442237484,139.19904278174735,138.5312681182133,138.82592581857062,1203.0548568159486
2026-04-02 06:00:00,138.01081863830217,138.16332265460588,137.76645847813657,138.02686364262874,2328.791433734429
2026-04-02 07:00:00,138.2299388748947,138.45382070696897,138.0989529168236,138.2579499756697,1237.048315736968
2026-04-02 08:00:00,139.24204761665328,139.52570699699737,139.07718847210475,139.27010478731313,9909.308281786556
2026-04-02 09:00:00,138.52691503064494,138.72938930613654,138.3794052982914,138.58851778501673,3509.8376409210073
2026-04-02 10:00:00,138.64876044164393,138.69871356404147,138.47260092391127,138.68337086882192,9311.884812426035
2026-04-02 11:00:00,138.43734425819432,138.50951432723198,138.05255801432645,138.35237977992364,9962.976481837442
2026-04-02 12:00:00,138.37403824768535,138.86826743861286,138.3009565077179,138.56532338302014,6398.570990288028
2026-04-02 13:00:00,138.75262674853107,138.7412077590495,138.16716292777102,138.57489727172802,1298.7668355900557
2026-04-02 14:00:00,138.3025379297085,138.36951038705996,137.8335069192174,138.25415381720586,1734.3246734823426
2026-04-02 15:00:00,138.49385677007538,138.79065718059167,138.29012500138,138.4980899596414,5334.3014959709
2026-04-02 16:00:00,139.49094742917205,139.56718652493245,139.21659845968884,139.40026401453477,4655.548116203374
2026-04-02 17:00:00,139.15962864415428,139.4537960373061,138.9811288720584,139.30481211867112,6455.595752035909
2026-04-02 18:00:00,139.5982209992301,139.87963669871155,139.51872872364393,139.66469108974522,4949.630287402276
2026-04-02 19:00:00,139.00594706757056,139.29512963177152,138.89820300299272,139.01805461080963,9406.691643443359
2026-04-02 20:00:00,138.67639245944386,138.9780077755739,138.37968094989958,138.53983642240064,5812.6574387216
2026-04-02 21:00:00,138.77138990322817,139.05876317210658,138.6207038660223,138.77603956134084,7243.53455316198
2026-04-02 22:00:00,139.56310304272733,139.83408157224764,139.25687059459827,139.5180975756088,9068.367453782468
2026-04-02 23:00:00,139.636946350408,139.84530763010284,139.65184782791425,139.69590425000163,2321.8468824988663
2026-04-03 00:00:00,139.58805944163683,139.63678842414313,139.44714730931923,139.53937523474008,3067.611887066757
2026-04-03 01:00:00,139.70674489674917,139.74525407241364,139.304705082032,139.53902093745174,1965.8679442661355
2026-04-03 02:00:00,139.0133697396343,139.12453406199285,138.65152266742555,138.91381707046688,2256.7455930692104
2026-04-03 03:00:00,139.2079291348668,139.30822345950813,138.95192056915099,139.21607473364458,5613.255702408098
2026-04-03 04:00:00,139.7247903495328,139.83971181181585,139.53594489269958,139.65724126480626,3890.6133307071764
2026-04-03 05:00:00,139.48894779385046,139.67112785856165,139.32902266331635,139.43119609838973,4808.555555740794
2026-04-03 06:00:00,139.2468337916797,139.4322143640118,139.04683850788876,139.19617502450998,9842.408486146556
2026-04-03 07:00:00,139.44030947542205,139.57954292467443,139.10512686410755,139.329114139336,2410.339130163533
2026-04-03 08:00:00,139.22120204169946,139.33985074432945,138.76220653438844,139.1107542713157,5867.30863718268
2026-04-03 09:00:00,139.0649721043153,139.2269870980758,139.0729442454257,139.0776879640028,1889.8403954828586
2026-04-03 10:00:00,140.1917367647338,140.27615879592116,139.94962173428186,140.12754885858604,3866.4668193749076
2026-04-03 11:00:00,139.96572651609705,140.08414086841364,139.93730385231555,140.00403600821303,5747.733313071388
2026-04-03 12:00:00,139.73255869257088,140.20334343612095,139.7900901999378,139.82486593220244,9519.685713688039
2026-04-03 13:00:00,139.47414565381445,139.7024400658468,139.2043993648504,139.50109502938486,4521.053991551347
2026-04-03 14:00:00,139.86556319996086,140.05070570955533,139.61872855768488,139.8731910151348,1584.1602659320283
2026-04-03 15:00:00,139.61642082960796,139.88969972038052,139.53763557693105,139.78257892852577,4493.453031642853
2026-04-03 16:00:00,139.54392566530674,139.95145819959782,139.16578982539195,139.45789240936506,2311.6705828657996
2026-04-03 17:00:00,139.84181188324132,140.21121162227928,139.96651631517818,140.11854442550157,3069.9065196230076
2026-04-03 18:00:00,141.099827621707,140.98546113519777,140.6716096793917,140.82834592775836,6562.815608484913
2026-04-03 19:00:00,140.67832205826863,140.76971782851763,140.10956108321676,140.528134144889,1606.8147958331351
2026-04-03 20:00:00,139.56876329679147,139.85488546578313,139.41952127463466,139.5948641692087,5182.5138062503365
2026-04-03 21:00:00,140.09956365018354,140.39441421964872,139.82510780282175,140.09862101412716,6485.15427409688
2026-04-03 22:00:00,139.7866032886059,140.1370669520241,139.55566794715082,139.75630610124716,4796.725531307472
2026-04-03 23:00:00,140.09270286202968,140.40223466637462,140.1364447538364,140.15161890082857,1172.1371556135732
2026-04-04 00:00:00,139.18582890673133,139.26096391197598,139.1621040915925,139.16656699197264,9869.674212125788
2026-04-04 01:00:00,139.59846566335213,139.78717114861013,139.47076408311628,139.6128656611223,4304.041906064817
2026-04-04 02:00:00,138.9978524247588,139.2380629337333,138.7016695713149,139.0072796964819,8007.194682399402
2026-04-04 03:00:00,139.39080786236323,139.77948436016575,139.09383259035155,139.37266175601516,3930.818429687079
2026-04-04 04:00:00,139.24844551009798,139.44001774209096,139.08839057351096,139.37979828993338,5275.150812940769
2026-04-04 05:00:00,138.90678555264842,139.2230862307576,138.80153319812868,138.90282858023505,4496.172783498969
2026-04-04 06:00:00,138.7156551984334,138.9173018607263,138.33772317475945,138.69931042377166,4082.8530655864693
2026-04-04 07:00:00,139.0553546143856,139.32625270577296,138.93895898226864,139.04246965225002,1196.6623948700087
2026-04-04 08:00:00,139.07383380326402,139.28521740714405,138.87413443894064,139.09541687880764,4240.188440690532
2026-04-04 09:00:00,139.5014091466408,139.50338010603124,139.18865859803464,139.38762336904387,9005.40991359577
2026-04-04 10:00:00,140.34047840581346,140.65093093924176,140.19323104333307,140.37584366130162,7213.540047343153
2026-04-04 11:00:00,139.6164554461284,139.85916595815664,139.25986364161653,139.5937228554461,2308.8057318589586
2026-04-04 12:00:00,140.53205889632295,140.69953483950437,140.272840194947,140.4023291429304,6320.395041604653
2026-04-04 13:00:00,140.44656949768998,140.65317664815416,140.3894676372632,140.454507111692,9030.077739539844
2026-04-04 14:00:00,140.0265614142772,140.14513288519845,139.8031155389098,140.00511508753044,7300.306368683699
2026-04-04 15:00:00,139.33031981102945,139.38407957515855,139.1799409480896,139.33995827466094,2338.1595312102704
2026-04-04 16:00:00,139.36913505862879,139.52733540608637,138.70765978736418,139.24539807927243,8810.49247061047
2026-04-04 17:00:00,139.68045067907605,139.94861208347908,139.43857238759068,139.70622313523467,3713.8961195997886
2026-04-04 18:00:00,139.77078403277469,139.7458703117595,139.48338263256773,139.64244857504588,5086.685298811076
2026-04-04 19:00:00,140.38766725070485,140.5441686728399,140.30363719708825,140.39802604016955,5735.284837202317
2026-04-04 20:00:00,139.586492222799,139.82576231394864,139.66046703620069,139.6724381951438,8654.559439403758
2026-04-04 21:00:00,139.73433103827816,139.7180952780225,139.56891562979447,139.66639372122074,9384.46745632895
2026-04-04 22:00:00,139.00973021563863,139.15842875935368,138.82870282183828,139.0401969990142,9366.875900115005
2026-04-04 23:00:00,139.2840630302366,139.30862990464607,138.8792800751672,139.2220129403267,1071.5876315068658
2026-04-05 00:00:00,139.39251619688295,139.82420873418656,139.35328772113655,139.66545663537534,9296.996370269115
2026-04-05 01:00:00,139.4555962647243,139.58120598870187,139.23216625537017,139.45507573853482,1489.482694014151
2026-04-05 02:00:00,138.1070082803455,138.19026831813457,137.98528557679148,138.15296881022124,3391.962911356918
2026-04-05 03:00:00,138.14611701496636,138.65470190667645,138.0255616479783,138.2524428836195,5634.890692550496
2026-04-05 04:00:00,138.41548805930225,138.79606623258914,138.3226759592347,138.47081215948623,5319.331201039547
2026-04-05 05:00:00,138.6155892225378,138.7950575948151,138.3011231373907,138.67295953696708,6442.388144986528
2026-04-05 06:00:00,139.28605205339312,139.51809277254353,139.10976965100568,139.29085063287818,5315.016058633052
2026-04-05 07:00:00,138.61859114692513,138.99707030203575,138.5639575788783,138.75532379305363,9409.381116763787
2026-04-05 08:00:00,139.12705922380485,139.41454043125623,139.0738496032768,139.09543184577888,3164.939633931283
2026-04-05 09:00:00,139.82830708053842,139.80982509935185,139.51122908667014,139.69168560201786,3466.2222463463727
2026-04-05 10:00:00,138.83048465970938,139.11160248841284,138.5187433962181,138.8023918100146,9286.641421237506
2026-04-05 11:00:00,139.043116583897,139.1074271925534,138.86898998067795,138.9622177229741,1690.655623707306
2026-04-05 12:00:00,138.81958405293165,138.77654156705339,138.58519984091953,138.71012780747026,6486.047397143288
2026-04-05 13:00:00,138.79301542213787,138.9417801268509,138.39009536914608,138.66936647091944,7135.623568590497
2026-04-05 14:00:00,139.03021858197073,139.17228055510083,138.7908704350404,138.8432047126886,5549.875510867655
2026-04-05 15:00:00,138.54967023080422,139.05838132798488,138.29381032987763,138.59959043063182,7248.0869094082345
2026-04-05 16:00:00,138.1898879925349,138.341763864542,138.1149507800683,138.26173639105102,2554.791814107703
2026-04-05 17:00:00,138.35715916462752,138.54870456830312,138.11766942184414,138.27881259979503,8673.690094943859
2026-04-05 18:00:00,137.80601625232939,137.8942095059843,137.6475774708762,137.73518963036364,2260.2312052289703
2026-04-05 19:00:00,137.26984459588257,137.47061293697342,136.95447243987823,137.19227706592102,4607.3119988417475
2026-04-05 20:00:00,137.7208919528243,137.58491475227615,137.08597650889635,137.53196370739929,1677.3184117738522
2026-04-05 21:00:00,136.95870368069978,137.03128971225007,136.67941696587388,136.95756668981994,5906.899709356601
2026-04-05 22:00:00,137.3333385962392,137.41313545795794,137.17715146646864,137.29072294027458,7027.712266830752
2026-04-05 23:00:00,137.4239797615532,137.72991499126834,137.2084565281524,137.52201858670153,9470.994715857614
2026-04-06 00:00:00,136.87264733470383,136.7950070956524,136.49078317689967,136.65911522230624,7654.025763064008
2026-04-06 01:00:00,136.2866784040175,136.58623833052974,135.98288439799566,136.3203328961384,5869.926248087359
2026-04-06 02:00:00,136.886566004846,137.2200770594879,136.63671995744565,136.9173875976621,9393.553154533003
2026-04-06 03:00:00,136.39212984299144,136.68676258621682,136.3324906755451,136.42680483209227,5305.931542367889
2026-04-06 04:00:00,136.13011311507313,136.55648146490364,136.09501066423306,136.19460270093757,6050.850877889824
2026-04-06 05:00:00,136.35268944267875,136.66721581050908,136.13119462528,136.42563314756353,6364.886749030862
2026-04-06 06:00:00,136.76495797391587,136.8956387311708,136.60216267499032,136.81732840220482,4689.817532979101
2026-04-06 07:00:00,136.55497936637747,137.0278966105364,136.59393455395335,136.69155895918257,8546.344215092417
2026-04-06 08:00:00,136.31427206981041,136.53228823827615,136.2561628133861,136.39280386183674,2666.583449605532
2026-04-06 09:00:00,137.29888510383077,137.39503064265458,137.09461245469495,137.103988792686,5993.579713344472
2026-04-06 10:00:00,138.04700413894892,138.3308120462403,137.78227595333743,137.9734386245848,7500.0993056847465
2026-04-06 11:00:00,138.55545806764846,138.70853645104873,138.04179867737412,138.4628676499757,9135.785546889194
2026-04-06 12:00:00,138.6232475999999,138.55591083994173,138.22503338218496,138.5055267212582,8955.265567908506
2026-04-06 13:00:00,138.28480731687398,138.20957264378677,137.6823521603189,138.10139386043775,5578.662604871278
2026-04-06 14:00:00,137.50902940201507,138.01844610384796,137.39793194818046,137.68617165715946,6788.453060470075
2026-04-06 15:00:00,137.8244403982637,138.13051644122805,137.6446807754571,137.94742870979235,4548.139625163709
2026-04-06 16:00:00,138.0762554541472,138.3645851737309,137.75921995146217,138.15662782023668,5213.599865921803
2026-04-06 17:00:00,138.81045413706096,139.1333095583263,138.61970079077568,138.8574271167099,9156.392133157446
2026-04-06 18:00:00,139.15259522391946,139.452284449186,139.00137489512866,139.18265216297797,9376.335938732265
2026-04-06 19:00:00,138.38641425681746,138.6589919933366,138.12784626043586,138.43111201209805,9058.726522603178
2026-04-06 20:00:00,138.97901671227274,139.13621898383747,138.61170179724732,138.95708582095952,2245.337756322744
2026-04-06 21:00:00,138.46158504637683,138.62678866272907,138.30605197157354,138.4580555073023,8650.756191975726
2026-04-06 22:00:00,138.1937863918083,138.55185975385527,138.1382267795601,138.26606987132612,9535.273579193323
2026-04-06 23:00:00,138.17361509675322,138.64652692755874,138.17728437120888,138.39116997445197,4251.247251162442
2026-04-07 00:00:00,139.2897168488061,139.5632737192822,139.1058538326508,139.38900371934398,5667.8166047950235
2026-04-07 01:00:00,140.88903913201537,141.25217422864594,140.66415389248047,140.94396299734663,8011.857302316963
2026-04-07 02:00:00,141.22261658323396,141.43442111540173,141.1897412869335,141.24732452691472,6058.703238090839
2026-04-07 03:00:00,141.04275947162347,141.2705600001211,140.7645656108482,141.15572621755453,9941.351695356245
2026-04-07 04:00:00,141.37389839514518,141.54708197190448,141.28709553473448,141.4229790417948,5101.420286411455
2026-04-07 05:00:00,141.75370801588318,141.96893267110076,141.6933132544206,141.86680675473173,7425.484400866399
2026-04-07 06:00:00,141.6938910067983,141.87923194029275,141.5967383779519,141.70647294195314,8133.320261768898
2026-04-07 07:00:00,142.49676948707304,142.92745104774292,142.1342457363156,142.6040786199093,5446.903741825955
2026-04-07 08:00:00,142.63422353386795,142.83860448140194,142.4949069324762,142.719113999505,8712.854251402381
2026-04-07 09:00:00,142.83711713095178,143.1868331201525,142.85308305211885,142.9679855440507,5915.391320864768
2026-04-07 10:00:00,143.28559760052096,143.4352787355152,143.01455531508168,143.30094767007793,4704.857171214683
2026-04-07 11:00:00,143.42509619838992,143.685710071258,143.23482739745415,143.51174097538515,1970.4130646675233
2026-04-07 12:00:00,144.0218896522875,143.98020710442142,143.74998392797795,143.93121122561996,4540.722187153818
2026-04-07 13:00:00,143.66316965901578,143.80053080943085,143.33852396106818,143.6225846323465,7605.428092599557
2026-04-07 14:00:00,143.33644856855514,143.524063217393,143.22596295145658,143.3434337553735,9291.577705120966
2026-04-07 15:00:00,142.71360808915327,143.04738543329123,142.64264846638258,142.79335663888764,3265.1146347427925
2026-04-07 16:00:00,143.05115928472938,143.2354353455233,143.01208558874114,143.01310725419776,4197.119655974524
2026-04-07 17:00:00,143.47164559488868,143.48273629345863,143.33497061437578,143.40257550595382,2385.6489469398357
2026-04-07 18:00:00,143.64573078024992,143.9398817634341,143.25069885846267,143.63146193902975,7216.506048060719
2026-04-07 19:00:00,144.62907834125022,144.68973845972573,144.10456529293128,144.46870815570352,9641.695870089326
2026-04-07 20:00:00,144.51187387809648,144.68574949800674,144.2593312814241,144.465910146289,6768.56997863358
2026-04-07 21:00:00,144.89164169584208,144.99936273874675,144.4339878293663,144.80028097408527,6553.688770056036
2026-04-07 22:00:00,144.2677870775692,144.40265479129337,144.07043798467643,144.2544305360156,5981.409374503905
2026-04-07 23:00:00,144.1284471301041,144.28266091875327,143.8852217150352,144.0608806847784,1796.1016661698286
2026-04-08 00:00:00,144.32897144029437,144.65620840715414,144.20299849871472,144.40864956356128,7565.534437864452
2026-04-08 01:00:00,144.7873607826116,144.8585110497983,144.64569277846522,144.83320061893286,6418.445891944158
2026-04-08 02:00:00,144.72115350044902,144.83234106136618,144.5077367774568,144.68621714510078,6953.290919706584
2026-04-08 03:00:00,144.6846274673275,144.82492282213138,144.3360777084568,144.65041751917175,9089.299837246794
2026-04-08 04:00:00,143.94224182812567,144.11709770640076,143.6764670804357,143.89148064583134,8055.647083549161
2026-04-08 05:00:00,143.8230053346559,144.03229714602074,143.44171786898465,143.71296604542803,8028.237269390735
2026-04-08 06:00:00,144.0156605100064,144.28098354572825,143.8550195746602,144.15815762718793,9344.653919914128
2026-04-08 07:00:00,144.3483148804802,144.59596395055942,144.20694155567574,144.44576013524122,9909.414563166996
2026-04-08 08:00:00,144.71905026003924,144.84483958486717,144.59312012852266,144.69609299593182,6231.544587649537
2026-04-08 09:00:00,144.64854347634196,144.84082708051184,144.65626642841872,144.7209798395223,1979.9345442804918
2026-04-08 10:00:00,145.0622882429653,144.88979276932517,144.50963335535565,144.72451141883639,5132.169169978927
2026-04-08 11:00:00,144.44592281101666,144.67143107109845,144.21147647958213,144.39435084909965,8088.410318154799
2026-04-08 12:00:00,144.7359319743079,144.8383815096645,144.5350259163089,144.7437650592009,1249.5279228566428
2026-04-08 13:00:00,144.90270460408723,145.1970329709109,144.75585693532048,144.9542515313956,1511.9869452053415
2026-04-08 14:00:00,145.1522447270727,145.2300707323902,144.74190358937537,145.20026095539203,1604.420041445392
2026-04-08 15:00:00,144.94025760018974,145.08110973441399,144.87026615962233,144.9372435340582,7579.321824954797
2026-04-08 16:00:00,143.8717702673847,144.0276231441008,143.8595667011047,143.8605720741226,5510.499657068549
2026-04-08 17:00:00,144.3634785155301,144.77663439729085,144.17591074664747,144.40914842999945,4320.081491685342
2026-04-08 18:00:00,144.14241447734324,144.34224947151998,144.00737195745407,144.16972970199524,1950.553407355624
2026-04-08 19:00:00,143.87277027749712,143.75846616731877,143.50673503300067,143.73834181997367,7590.162251853002
2026-04-08 20:00:00,144.2235317721958,144.08519238524457,143.82669297370228,144.0850812759307,3889.178294958097
2026-04-08 21:00:00,143.91427835396462,144.09247791460578,143.56066448645325,143.88907495597113,3387.9166305820045
2026-04-08 22:00:00,144.28491717527075,144.68042023357341,144.3697657300328,144.41904314799442,6870.872813981959
2026-04-08 23:00:00,144.78139643844668,144.9650917085455,144.58321791256847,144.72754612278277,6031.098033371576
2026-04-09 00:00:00,145.2247590285441,145.2860877949631,144.82645465849492,145.069330784383,4261.695776319714
2026-04-09 01:00:00,144.52333103897897,144.7025788885333,144.10930656921403,144.38635292878274,6773.387237250293
2026-04-09 02:00:00,145.06576750675688,145.1383657994022,144.5729799664471,144.99232492147593,3440.9936834570635
2026-04-09 03:00:00,145.26519248262144,145.41244124269556,144.82737978998148,145.12295018709287,8153.472354438941
2026-04-09 04:00:00,144.94365004471766,144.97511012896712,144.7439904770584,144.93831161746976,3063.8705527688853
2026-04-09 05:00:00,145.07281614812425,145.11951106784707,144.89904942643514,145.01000585114087,2429.5392584381407
2026-04-09 06:00:00,144.05381067805922,144.14118409519855,143.97831721996363,144.12188823469174,8041.9546854898745
2026-04-09 07:00:00,144.3554411860476,144.49873011036507,144.18548492272777,144.32621464043206,7371.028276281399
2026-04-09 08:00:00,143.94448231073807,144.00690276461438,143.54600552348964,143.81152888634102,2643.750781316186
2026-04-09 09:00:00,143.0762514022706,143.34660389264192,142.90949399886068,143.13519374341928,2046.2117742094417
2026-04-09 10:00:00,142.28786980736388,142.58020248559902,142.30637910739452,142.3740141503103,8545.59179638023
2026-04-09 11:00:00,142.94010723170766,143.0376030047241,142.7739484847143,142.93035833780527,7989.3863397701925
2026-04-09 12:00:00,142.59306042058648,142.79670255651757,142.32797188561375,142.61572664095888,3945.316363296978
2026-04-09 13:00:00,143.44750526802417,143.43284582905656,143.1474242604197,143.38259049591713,6923.776673920301
2026-04-09 14:00:00,143.06936381179628,143.4510126619042,142.8578253027897,143.114689764391,2117.4416789302973
2026-04-09 15:00:00,142.4328547471548,142.43064817830472,142.0227186145888,142.26101078559452,5563.428931429103
2026-04-09 16:00:00,141.5737809558241,141.85385995371584,141.34010549215932,141.7027485656202,1168.5726285437788
2026-04-09 17:00:00,142.44602785424564,142.67954840846807,142.09705006924122,142.32065437562366,4524.416928293999
2026-04-09 18:00:00,142.16622036382452,142.31848063330042,142.0813075664424,142.24270528665534,1673.5853932426458
2026-04-09 19:00:00,141.78896336495163,142.05600292700683,141.86013714252337,141.96856163841002,5276.324621411943
2026-04-09 20:00:00,142.0723582669713,142.13894871884955,141.82360980551542,142.0485707513364,4795.134821676049
2026-04-09 21:00:00,142.2740013208188,142.49267498125025,142.25539171794267,142.29946211942018,4999.465239742504
2026-04-09 22:00:00,142.74720059058112,143.10132469033516,142.6765904275547,142.8581615273714,1407.9817184319465
2026-04-09 23:00:00,143.41427345314636,143.85637868912966,143.40299512831,143.58241114231788,4254.547071536492
2026-04-10 00:00:00,143.4016907406962,143.85972635117284,143.33897390478506,143.40252681942334,7808.354641899248
2026-04-10 01:00:00,142.8370866655447,142.7644462218024,142.6323295602479,142.7395029763823,4320.22936018258
2026-04-10 02:00:00,142.59126574512933,142.7936439547331,142.25180464280587,142.53277039582068,7436.547573486226
2026-04-10 03:00:00,142.66858131399604,142.8071975918549,142.43983947420463,142.66291064911212,4325.308512703599
2026-04-10 04:00:00,142.2289159433286,142.32238967111792,141.9708523526361,142.1810311860068,4809.154973411678
2026-04-10 05:00:00,141.6997343153215,141.8404785157339,141.4718209751661,141.7024557285593,6075.029015463395
2026-04-10 06:00:00,141.7313772450312,141.98347270225344,141.66508691053934,141.87434966933424,9556.137431263742
2026-04-10 07:00:00,141.7079340950267,142.21847597700938,141.5257372372632,141.85002349354903,1979.7440198198965
2026-04-10 08:00:00,141.84610513835634,142.1506517239562,141.65407907308443,141.8664219912548,1296.2239179505632
2026-04-10 09:00:00,141.47110899526817,141.68949392176052,141.43299563528666,141.48717432390478,6471.614654290406
2026-04-10 10:00:00,141.45707223465254,141.70707554205057,141.00896097031443,141.37197396680187,9541.873800355837
2026-04-10 11:00:00,140.9855878170452,140.95860449813784,140.67282336793485,140.90985739466774,9907.508192992434
2026-04-10 12:00:00,141.41546990180603,141.42188608709705,141.21388197330964,141.35495660023014,5357.478226528016
2026-04-10 13:00:00,141.8445529962843,141.89037804081147,141.79792143942151,141.872581267592,5212.734589765886
2026-04-10 14:00:00,140.81142211946195,141.07954588246065,140.70989591437717,140.94948733647297,6804.673936706766
2026-04-10 15:00:00,140.52593902008337,140.70090175904724,140.2964491068742,140.48473190637677,6000.712814844728
2026-04-10 16:00:00,139.78898421015793,139.94675313662495,139.37905260022848,139.73646727883173,6706.792518527063
2026-04-10 17:00:00,139.17260216538048,139.62638950273424,139.24604603969493,139.41145531162826,8865.994829841047
2026-04-10 18:00:00,139.2863025080748,139.4286306436265,139.25347440570133,139.3697363267331,7716.755525388484
2026-04-10 19:00:00,138.57580827914444,138.92522919114523,138.35533409506021,138.64491371688382,5471.8965251811605
2026-04-10 20:00:00,138.19581883043352,138.40794656214507,137.8914556210495,138.18398381032117,5156.780131001527
2026-04-10 21:00:00,137.60166908100385,137.95531055242702,137.4651399875194,137.6820051242804,6756.415736618044
2026-04-10 22:00:00,137.78182533209744,137.7963625712209,137.5180030842124,137.7856387889799,5101.356559782677
2026-04-10 23:00:00,137.7992574634627,138.0514600433778,137.62407966957224,137.820310957498,5120.014161390759
2026-04-11 00:00:00,137.44352723367564,137.54066565683763,137.23605567072846,137.4594421808294,1146.7531160785434
2026-04-11 01:00:00,137.47621318752903,137.70812029164395,137.2313535286427,137.5478526168991,2566.5772366657757
2026-04-11 02:00:00,137.2106140691988,137.5279490644691,137.0119807412033,137.27451257460547,5396.622759961777
2026-04-11 03:00:00,137.0306583134644,137.34779438006805,136.9556124632757,137.13868501944245,8403.881131453321
2026-04-11 04:00:00,138.01341780864908,138.09025706661376,137.64017480999908,137.9754110645917,3508.5430605441175
2026-04-11 05:00:00,138.70275185334603,138.84626890610534,138.60915605320773,138.6456415904869,5703.790898180341
2026-04-11 06:00:00,137.91878917701055,138.04269744049873,137.5906436408809,137.99585097202308,4104.65876283309
2026-04-11 07:00:00,138.56278119056435,138.72574392055247,138.38131309045173,138.41071718096265,1943.2359058563013
2026-04-11 08:00:00,138.78495531346425,138.99588705625885,138.6791247406857,138.81641545820847,9624.686347641706
2026-04-11 09:00:00,138.39530237621182,138.5541388082577,138.04637556735167,138.24228381383216,8692.064832252716
2026-04-11 10:00:00,138.58745991832643,138.799019467,138.4663207027824,138.6516726357096,1706.4318202021577
2026-04-11 11:00:00,139.21798081725592,139.5682809960752,139.1199974909132,139.42063859491586,7478.085362214561
2026-04-11 12:00:00,138.8995859742849,138.98294751312986,138.76514985365466,138.85936619179364,4128.219139217502
2026-04-11 13:00:00,138.4254692917984,138.68823217445583,138.1745380995382,138.40061478128652,9953.648263556133
2026-04-11 14:00:00,138.91288489423903,139.03850239897542,138.76726672453023,138.90944551470827,3721.5866784607992
2026-04-11 15:00:00,138.98096992227667,139.3096527133626,138.81567907218735,139.04519317012108,3148.6460082633994
2026-04-11 16:00:00,139.3174740851923,139.48268606797393,139.12740853372065,139.32093130774086,6111.014934748647
2026-04-11 17:00:00,139.44009997015414,139.49362958595194,139.2819323506728,139.4912259159411,8516.135470088837
2026-04-11 18:00:00,139.656338919772,139.82954246962652,139.5415663596516,139.68657387640516,2732.669846378182
2026-04-11 19:00:00,139.10750103782613,139.10542699081333,138.87434420725924,139.02333781224962,7384.624927473981
2026-04-11 20:00:00,139.56541838851336,139.7503869379286,139.3182694141576,139.54699666556036,1552.659248270095
2026-04-11 21:00:00,140.19278680050743,140.21275088820678,139.83742011119864,140.13179166177423,9270.412687994476
2026-04-11 22:00:00,139.99390943907764,140.30969379981167,139.87692422316,140.0170962897402,1729.674245325689
2026-04-11 23:00:00,139.9611560802528,140.18625022879797,139.88223456929057,139.99535781483328,9228.082387097462
2026-04-12 00:00:00,139.11445581046658,139.41204446407957,138.96845804698825,139.22980406355543,5417.265245074325
2026-04-12 01:00:00,139.44992778030752,139.7525206553431,139.2901818308701,139.48693144156434,5032.820015163278
2026-04-12 02:00:00,139.4408487068625,140.069350855829,139.4899103490228,139.7729601624214,9759.763715503388
2026-04-12 03:00:00,139.6828424572912,139.9398547787448,139.63244437525887,139.74186465392177,9913.457599283971
2026-04-12 04:00:00,140.29585391613793,140.42692130390208,140.28198522639937,140.30404133385701,6851.603133649108
2026-04-12 05:00:00,140.19337008379406,140.15960575675584,139.9903031265497,140.13700271836706,2144.0736267134366
2026-04-12 06:00:00,140.39243789356135,140.55070070561035,140.29594094224035,140.41930568131386,5555.530770896822
2026-04-12 07:00:00,139.9442408661923,140.047752287303,139.71735235197585,139.9094735119678,5762.467908600962
2026-04-12 08:00:00,139.67971857039166,140.1084031818299,139.76138195795772,139.89769743653068,5630.017853217788
2026-04-12 09:00:00,139.80483662235855,139.97600561946544,139.5364186124456,139.81052030757925,6125.426546680088
2026-04-12 10:00:00,139.75522398930838,140.19196756580487,139.75198929484196,139.92317426859972,1168.522424149516
2026-04-12 11:00:00,139.61758045261712,139.877112477056,139.52336335430564,139.73841080418305,7401.045533234522
2026-04-12 12:00:00,139.65395795156084,139.86697038966193,139.45691105050312,139.67267450634722,7411.548717576892
2026-04-12 13:00:00,140.2133244908553,140.40409683638765,139.86620258282673,140.08569809206796,2039.2279766009913
2026-04-12 14:00:00,139.90443664979585,140.10149849484435,139.66972888449436,139.86731597344885,6132.154982012206
2026-04-12 15:00:00,139.06585052279323,139.25802366891065,138.8129673540385,139.06402742307952,6115.250641921972
2026-04-12 16:00:00,139.9368663362355,140.0786249309887,139.8183848885648,139.93881937518222,7142.053781713601
2026-04-12 17:00:00,140.558183525207,140.76622327485595,140.28960462186205,140.62954641452745,1768.5792292157298
2026-04-12 18:00:00,139.92901672563738,140.09835374167946,139.8070688053115,139.98341506697466,6638.529765394867
2026-04-12 19:00:00,140.37100657414433,140.47416828301897,140.25942388338711,140.32826896959725,3526.767556717071
2026-04-12 20:00:00,139.9382455324771,140.352348168196,139.85797424862238,140.07678158432157,5563.026914465548
2026-04-12 21:00:00,140.26783059701543,140.3863363648579,140.09364324023187,140.20852519198712,7959.91197433669
2026-04-12 22:00:00,140.31678654978197,140.42065994955573,140.08910380304297,140.35563725649385,7350.81342726712
2026-04-12 23:00:00,140.32098906382265,140.61525028564168,139.81747279873144,140.2384333563357,2070.1271591019404
2026-04-13 00:00:00,139.94265986926573,140.07854704265702,139.7252077326983,139.8465505235425,6320.66308404466
2026-04-13 01:00:00,139.33397159613378,139.56058565733304,139.26804276406196,139.50127999738436,9722.048778466647
2026-04-13 02:00:00,138.98502596332102,139.19899914691965,139.0187345985142,139.04318403964373,2410.92493601502
2026-04-13 03:00:00,138.54172016673445,138.83836157381134,138.38188241258436,138.6272729355285,8676.163789528735
2026-04-13 04:00:00,138.41241099399653,138.96414299983357,138.4822551704838,138.59368379050383,7322.932724983993
2026-04-13 05:00:00,138.13255046832754,138.32499255012257,138.09828725779192,138.23580379594847,7966.029816187837
2026-04-13 06:00:00,138.8209554133313,138.87443390074034,138.48695847778873,138.57682982880476,3537.6249442838093
2026-04-13 07:00:00,139.38140389609396,139.66040154916996,139.04723778386725,139.32045290647272,3591.000364418582
2026-04-13 08:00:00,139.2221550826483,139.16756085528024,138.72969585004037,139.0304262857877,9154.175101988392
2026-04-13 09:00:00,139.23303838005725,139.3223771741694,138.94779001458954,139.1501285360554,4238.488288833028
2026-04-13 10:00:00,139.32578677510602,139.4963401664695,139.28641376174045,139.39997109120688,1567.1385162352942
2026-04-13 11:00:00,139.59779510699911,139.8156261125585,139.27701992305614,139.63597222666652,6405.37033221505
2026-04-13 12:00:00,139.7327934786486,139.87029086319026,139.54899087340002,139.67394986062456,2123.3590213765838
2026-04-13 13:00:00,140.08904169015173,140.31125606961265,140.02908783981167,140.04529106980442,8169.366172671173
2026-04-13 14:00:00,140.2286813445739,140.5954338932468,140.04057664514906,140.28641554614475,6775.717982509516
2026-04-13 15:00:00,139.51658501792318,139.79277472851894,139.57806180234525,139.6675843349811,8872.538546990874
2026-04-13 16:00:00,140.43093848591462,140.10542986075313,139.80330148782582,140.10216236717574,8063.535248043717
2026-04-13 17:00:00,140.5316928185748,140.74368330788147,140.38392155547643,140.5458077858091,2009.0228350437653
2026-04-13 18:00:00,140.13159084440156,140.3935184867167,139.90379340966538,140.16416473371982,4429.6360879098
2026-04-13 19:00:00,140.19446709783415,140.40807542021213,139.84298361678842,140.18313365144363,7971.0422492312855
2026-04-13 20:00:00,140.50052528891803,140.69213082309824,140.4456840343112,140.52479814784914,4756.0732593969315
2026-04-13 21:00:00,140.43241412883003,140.63261644802586,140.2767349511487,140.42014123805947,9751.289363019805
2026-04-13 22:00:00,141.0853249905541,141.3081747427777,140.76419736920818,140.95663026194248,7621.664049041043
2026-04-13 23:00:00,142.1261116612835,142.3767399261484,141.78481137734872,142.13856650925214,1139.4992502128891
2026-04-14 00:00:00,141.6293024490019,141.90823665043436,141.61141176472873,141.74557349293468,8919.871224047527
2026-04-14 01:00:00,141.03888681190992,141.2050314096482,140.9145015609527,141.0550511913578,1907.2430638170183
2026-04-14 02:00:00,141.16052031101924,141.38997525339246,140.95914643160464,141.20696048916022,2264.7135176207726
2026-04-14 03:00:00,141.710131635448,141.93141573790635,141.42546461429436,141.5677417417233,7610.431605499458
2026-04-14 04:00:00,141.56942046127466,141.6339784838483,141.23705596651115,141.4523085548009,8784.717034874322
2026-04-14 05:00:00,142.1896913865045,142.37695945200934,142.13409262855825,142.17893888646142,5827.146651096004
2026-04-14 06:00:00,141.38176240111787,141.66140462950617,141.08820299234412,141.5096359865998,3601.4475965120128
2026-04-14 07:00:00,141.73350607177161,142.1659936338598,141.79086622114656,141.8560952981156,4161.83990727858
2026-04-14 08:00:00,141.55467721389462,141.94914861321064,141.3853401581352,141.55316488773616,4086.003966364504
2026-04-14 09:00:00,142.44648613777196,142.65791514578297,142.21610194442403,142.41285384083983,3940.10293428561
2026-04-14 10:00:00,143.37164923549125,143.6173888078024,143.01784270398818,143.40911151742387,3186.187046394848
2026-04-14 11:00:00,142.97776626511146,143.22946150684962,142.95826780162545,143.0257832235322,6479.803851663098
2026-04-14 12:00:00,142.69172473226004,142.78943533445647,142.35263424203004,142.7510046555779,9103.647867085605
2026-04-14 13:00:00,143.17845920304342,143.4553136854963,142.9050809169576,143.1807985990678,3763.7417177500706
2026-04-14 14:00:00,142.74895703896573,143.20064991577263,142.74552374173072,142.98723327417304,2680.2486771527088
2026-04-14 15:00:00,142.85439500232997,143.207361870273,142.8629910339087,142.96452766520693,8547.198997342823
2026-04-14 16:00:00,142.9145167909334,143.10607565606978,142.72010775127433,142.97722187547814,7676.04997800733
2026-04-14 17:00:00,142.13813561687448,142.17893960948157,141.88973395962128,142.0173852973793,9377.533284039195
2026-04-14 18:00:00,141.9290850601393,142.16936393068187,141.68380029901235,142.01046642433218,2489.6776204441867
2026-04-14 19:00:00,141.68364935148324,141.9677648357074,141.5627087402109,141.66560253730012,2298.261827049324
2026-04-14 20:00:00,141.4416954011933,141.58116514243991,141.23035697554582,141.4190411261002,5872.86454874497
2026-04-14 21:00:00,142.2706487784007,142.5491231600456,141.99638443663596,142.14085712783464,6529.902893515858
2026-04-14 22:00:00,141.63886142139143,141.7556899225965,141.4113559769377,141.512603680695,5321.560976736306
2026-04-14 23:00:00,141.9134559771895,141.9916380080694,141.64507429237818,141.91920627406898,6390.69972691488
2026-04-15 00:00:00,141.73217633478416,141.9668701795779,141.52617893416215,141.7797248089031,2623.417919875642
2026-04-15 01:00:00,141.57346141437262,141.77467721243954,141.31894370476508,141.63984472465518,5316.52378747675
2026-04-15 02:00:00,142.01092435043444,142.054468919663,142.01301818350183,142.03503067268102,6922.833048457011
2026-04-15 03:00:00,142.1616529845331,142.56500341397685,141.8986392497314,142.20505631996548,4894.358043238333
2026-04-15 04:00:00,142.54572555951106,142.76067707279722,142.03981792803953,142.49036281857522,7115.026022349381
2026-04-15 05:00:00,143.01648613059018,143.22777588063158,142.81961925775934,142.97445514884166,5060.721524984557
2026-04-15 06:00:00,142.8679810763645,143.02534132327995,142.4192860960391,142.80880095724999,4002.396227580495
2026-04-15 07:00:00,142.62861096113974,142.56448083312688,142.3289987172021,142.5026825899961,3732.4454237838313
2026-04-15 08:00:00,142.14639423885723,142.11174561276167,141.89734830047334,141.9601073267172,4698.118530897292
2026-04-15 09:00:00,141.5598684010685,141.83158013920615,141.37796530596844,141.54740206172775,1207.8066041398074
2026-04-15 10:00:00,143.1318956515217,143.11682727140385,142.71712887761458,143.0219492743821,7016.726246015023
2026-04-15 11:00:00,143.60912304636707,143.69746599637557,143.52810671298366,143.6442890647505,8605.950768822357
2026-04-15 12:00:00,143.0872525800048,143.1460412808684,142.82878574754713,142.96875188164648,4191.643849988067
2026-04-15 13:00:00,142.4136738189923,142.49334714787196,142.0481689600454,142.3075229032747,1414.298225275467
2026-04-15 14:00:00,142.64929753112824,142.76201227577542,142.3481499224601,142.54845593413395,9880.98037647002
2026-04-15 15:00:00,142.8314953169421,143.0949401971744,142.56362603757427,142.82208833282294,3373.2842990596027
2026-04-15 16:00:00,143.02969443408253,143.36029083170473,142.87274729640578,143.0965302504816,2139.590095216957
2026-04-15 17:00:00,142.8295995099182,143.19492933422916,142.72108982174962,142.96905235370477,4327.772571757251
2026-04-15 18:00:00,142.90232150295122,143.225878362512,142.74955534228428,142.90632522370333,7647.01336570201
2026-04-15 19:00:00,143.22356624000793,143.1183680077017,142.84709189157996,143.070264985783,3645.2493720150915
2026-04-15 20:00:00,143.08222699879326,143.3636696703774,143.00594878949926,143.11321148892966,6172.328835275391
2026-04-15 21:00:00,142.0820739611019,142.2662151388896,141.67471794030558,142.0035613025559,4740.03994993428
2026-04-15 22:00:00,141.97305662732018,141.96470525866025,141.75208895895,141.88866148726828,2059.8759304895666
2026-04-15 23:00:00,141.4345896480454,141.51267120926988,141.1500735213832,141.46295827013813,3972.583112428992
2026-04-16 00:00:00,141.68219846334435,141.67596976694483,141.3739246756907,141.5505639795924,7523.834551426599
2026-04-16 01:00:00,142.75232740644606,143.17703933664257,142.82299357981836,143.0431934808941,6508.035075983011
2026-04-16 02:00:00,143.10465928575744,143.5022762599815,143.07643076872034,143.22693431363126,2078.005418952049
2026-04-16 03:00:00,142.97860624090922,143.20871559217596,142.97176901366188,143.07016947054507,2469.901687428777
2026-04-16 04:00:00,143.44909871924696,143.64543536970558,143.50554626029424,143.5310702215337,6766.600233767009
2026-04-16 05:00:00,143.80604046025687,143.91125079146883,143.67794658099754,143.7724141651383,8320.73872888782
2026-04-16 06:00:00,144.0114651906696,144.29432464377962,143.8148522956858,143.9824614103642,4145.270463623523
2026-04-16 07:00:00,144.32528576418954,144.48719104440974,144.06469878908914,144.28588670697204,6357.796766591052
2026-04-16 08:00:00,145.37376663880005,145.49623338685112,145.0131205580585,145.3141584893868,2535.7922987689476
2026-04-16 09:00:00,144.6537038148093,144.93771372185375,144.59329001770354,144.74871427172386,3802.387032147915
2026-04-16 10:00:00,144.86371270344884,145.31473634356223,144.87372638655629,144.98553031012958,1182.4318510574733
2026-04-16 11:00:00,144.5619717133396,144.6474225724785,144.4666112237391,144.52233974513882,7914.483530195703
2026-04-16 12:00:00,144.7370728609453,145.13164689740393,144.55208970651952,144.80009606830993,4609.088377956701
2026-04-16 13:00:00,144.1837053080301,144.56180244245905,144.00243336103398,144.3407528125669,8345.130162885585
2026-04-16 14:00:00,144.2292038342185,144.3160274675668,143.80543637896872,144.13206940576435,7375.356964204537
2026-04-16 15:00:00,144.12403463929564,144.43461449843883,143.7135311738307,143.9845244486454,8458.698391556292
2026-04-16 16:00:00,144.62814889728762,144.56686885933792,144.20857847659101,144.47243280831776,3570.928026245945
2026-04-16 17:00:00,144.95036080243642,145.09629145433226,144.561897652318,144.93166003028895,2665.9785738506075
2026-04-16 18:00:00,144.37139455166303,144.38555821814936,144.07559319592406,144.30880134206575,9747.151143865034
2026-04-16 19:00:00,144.47325521990186,144.6315145946193,144.07165542996327,144.33626839756568,7455.950083367826
2026-04-16 20:00:00,143.91733689118874,144.35039736355625,143.8135568563763,143.9814784701911,8506.380411340033
2026-04-16 21:00:00,143.46329378325885,143.7192182929939,143.28843035193893,143.35222601485344,1118.2003633894035
2026-04-16 22:00:00,143.27125711305558,143.56611236495587,143.1121023796912,143.24371748964126,4190.154582662979
2026-04-16 23:00:00,143.18084726064757,143.26971404863372,142.8903919992668,143.08947609541332,7685.350215195986
2026-04-17 00:00:00,144.32144364067366,144.4663102408371,144.09675580133595,144.30283433858608,1701.8454969098498
2026-04-17 01:00:00,144.64893992224125,144.55219727401703,144.1266856657809,144.51931425126645,6106.059366120421
2026-04-17 02:00:00,143.8528578771435,144.23409285440752,143.62237778413024,143.83050550088933,4861.654907095029
2026-04-17 03:00:00,143.3997205928571,143.79501630661872,143.2302341544013,143.54811849880386,1158.5485642699657
2026-04-17 04:00:00,144.20400280975005,144.20961445603163,143.9023178706762,144.05881014651857,3123.7801940750624
2026-04-17 05:00:00,145.0082784588563,145.4358372218522,144.93419912153004,145.1030315329535,3563.127901600428
2026-04-17 06:00:00,144.43534569785893,144.41276342515854,144.2429406405569,144.31003987683454,2006.739517116902
2026-04-17 07:00:00,143.361053396121,143.6107398876873,143.2443104855527,143.37007768426503,6683.832187683944
2026-04-17 08:00:00,144.42316137047067,144.4882973585218,144.0528621328145,144.3055602719509,3181.580886267001
2026-04-17 09:00:00,144.61384422212302,144.76423507462437,144.29961134259693,144.50036736063635,3498.5754965744954
2026-04-17 10:00:00,144.1092352921297,144.25986364077957,143.77192713270844,144.06622099469817,9084.147383801326
2026-04-17 11:00:00,144.38438906952211,144.38844274864826,144.11541014292487,144.3335355377594,5204.107834238255
2026-04-17 12:00:00,143.0579245299702,143.22321930551794,142.85090704141473,143.01566166825094,4529.153322723451
2026-04-17 13:00:00,142.81596694592145,143.32223583573708,142.60251973517083,143.01734942154954,7514.839344832455
2026-04-17 14:00:00,143.1930930298609,143.37833836738568,142.9906503648424,143.18126000797108,9186.524171946208
2026-04-17 15:00:00,143.5317886601328,143.9209065898989,143.32709498076946,143.64339507774,1225.3270261369946
2026-04-17 16:00:00,143.15356581596828,143.2318941530263,142.9765680222482,143.13644710159372,5034.149618998568
2026-04-17 17:00:00,143.0649964276571,143.37666460296842,142.90833073435704,143.1792906822954,6497.032204701525
2026-04-17 18:00:00,142.59808317514302,142.85412732375676,142.42377680335045,142.71657836926562,3867.0678831339064
2026-04-17 19:00:00,143.00476369727815,143.11896833111325,142.6234210500452,142.84427024710277,7951.669499109175
2026-04-17 20:00:00,142.50354182473367,142.59974624214746,142.3611487936516,142.39659708592126,9743.293632432466
2026-04-17 21:00:00,142.19213240784674,142.4615540339748,141.99072142025554,142.19254666634114,9490.846296252548
2026-04-17 22:00:00,141.71311583397093,142.0034100115618,141.37159296417005,141.69463896894604,3393.8428544194767
2026-04-17 23:00:00,141.99541548728354,142.28936894736998,141.76745900655507,142.02020708985785,3037.0445059373737
2026-04-18 00:00:00,142.50642028578415,142.67674449161555,142.20484876066325,142.4494326481862,9617.414779190989
2026-04-18 01:00:00,142.2645169265526,142.43230113735635,142.30434805660323,142.33212236320747,5127.656386883193
2026-04-18 02:00:00,142.45061538697428,142.5509627496208,142.22328686775498,142.35124136068748,2874.6795077622255
2026-04-18 03:00:00,141.6016369692693,141.77363661316912,141.38580989025556,141.6269456533707,7362.972672673764
2026-04-18 04:00:00,141.43512262978422,141.64270093369691,141.23606900168863,141.47710732936733,3559.7829151341243
2026-04-18 05:00:00,141.45417632269493,141.61455160577142,141.13053834283318,141.45200502084646,3405.222775639471
2026-04-18 06:00:00,142.7032868833689,142.86440900888323,142.57688824187608,142.76240156636146,8913.241387700062
2026-04-18 07:00:00,142.239286288424,142.21068419456094,141.96583564480696,142.20641805347435,2462.3123803921308
2026-04-18 08:00:00,142.88477041391926,143.0716923680178,142.73686924865746,142.9385066728506,1579.5365181961274
2026-04-18 09:00:00,143.4837884198654,143.65627400477592,143.33563033323367,143.4369360595835,3422.677961545185
2026-04-18 10:00:00,143.6988549157197,143.6424365572858,143.55167512871907,143.57725426182856,6462.508715543834
2026-04-18 11:00:00,144.3846323352453,144.6581327275733,144.21346353471313,144.45656450392613,2107.790680629435
2026-04-18 12:00:00,144.62955969450005,145.03264408266065,144.42522251938829,144.64261724022955,5244.352050491144
2026-04-18 13:00:00,144.88332990936703,145.13950249358874,144.69901434227353,144.8371968380635,6646.0339938278785
2026-04-18 14:00:00,144.7670507760566,145.1749906624668,144.77255381720633,144.81063651155475,8638.632933338566
2026-04-18 15:00:00,145.46885300884674,145.66153374045734,145.1594470013232,145.42242095276407,3068.8263208202893
2026-04-18 16:00:00,146.02619545573467,146.28740655196816,145.79724757708905,145.9706555696695,8356.116910445106
2026-04-18 17:00:00,145.76614310355083,145.7854204528746,145.40212945368458,145.6578169259214,3114.1563501811474
2026-04-18 18:00:00,144.9375943240135,145.1337593019198,144.61178847558082,144.998193328622,7090.8988711567645
2026-04-18 19:00:00,144.80242548590113,144.97061703053794,144.8825599218922,144.89670300992418,4876.062143342096
2026-04-18 20:00:00,144.465925988769,144.81529827512958,144.3666438085956,144.49668372772535,2032.1311814080316
2026-04-18 21:00:00,144.36814620646297,144.81895383839966,144.28585900174886,144.46492144041767,7428.371165396638
2026-04-18 22:00:00,145.1400903281645,145.22832278322502,144.7381578903451,145.08364050775975,2959.86356694116
2026-04-18 23:00:00,144.73881455019873,145.02959450957664,144.81862998213703,144.85498968021636,2589.6108342213233
2026-04-19 00:00:00,145.06687963138583,144.95819177819146,144.4399918869925,144.83357798956055,4224.906357304449
2026-04-19 01:00:00,144.99218214312214,145.1008547121125,144.6490037668081,144.86258935696475,6879.612202835351
2026-04-19 02:00:00,145.28806237502744,145.59929805259773,145.09640486424078,145.2868047980674,3105.9683091156503
2026-04-19 03:00:00,144.25009958037487,144.189082933687,143.98316610739698,144.16336013107508,2652.9538490369714
2026-04-19 04:00:00,143.69632979726137,144.10095383675667,143.70363628691044,143.86000998369244,1089.582631420279
2026-04-19 05:00:00,144.21798916297215,144.13798465266026,143.66084015390527,143.96565182983218,5244.787873915512
2026-04-19 06:00:00,144.50666984682556,144.7770307472423,144.47254338345385,144.56569130804561,4857.810123836644
2026-04-19 07:00:00,144.30769034290256,144.56563948445992,144.08519866612812,144.3197400842925,3104.8096927363863
2026-04-19 08:00:00,143.1958704025527,143.5626434873943,143.21988189784227,143.38146373127157,1482.8694760872168
2026-04-19 09:00:00,143.73994818472872,143.88096076891404,143.56753279910603,143.69131945425463,4863.302871362533
2026-04-19 10:00:00,143.2630038441341,143.55225074308635,142.91504074227342,143.3736382598418,8093.845999644682
2026-04-19 11:00:00,142.78897050645324,143.0758365504755,142.5368998568213,142.77880493029664,7437.539181944593
2026-04-19 12:00:00,142.41220479214758,142.70850823145275,142.2053056809739,142.46663223544002,8747.154008741532
2026-04-19 13:00:00,142.26659516311906,142.59642791038584,142.06059187854524,142.3743695566121,1086.2441894184005
2026-04-19 14:00:00,141.99156107416673,142.14490205223376,142.01413221887483,142.071997224343,9697.773851241387
2026-04-19 15:00:00,140.991792999202,141.13135622147215,140.59398500488126,140.96921419579346,4072.710273647035
2026-04-19 16:00:00,141.28959819695012,141.70761421027095,141.36685157638752,141.41774729423702,9913.580164827683
2026-04-19 17:00:00,141.98030364777404,142.25895447218878,141.93206145588024,142.05518481487638,3273.5751454159717
2026-04-19 18:00:00,142.4472731486726,142.64689895750504,142.22684897786402,142.38094581054614,5243.827488204203
2026-04-19 19:00:00,142.07235096282116,142.1887541553665,141.5539306388367,141.81210297533374,4185.349089177733
2026-04-19 20:00:00,141.75911609031527,142.01521781528086,141.48948538174582,141.71135720835997,4201.846434948724
2026-04-19 21:00:00,141.6163703865275,141.91741238451522,141.52477802481508,141.70809655074524,8580.538888733941
2026-04-19 22:00:00,141.97078232851896,142.15639482850662,141.808693479989,142.0074937455262,7717.770457636048
2026-04-19 23:00:00,142.34482289050052,142.39701894949084,142.23946629223752,142.34166398988526,9929.362917070433
2026-04-20 00:00:00,141.9396345954324,142.1577385982487,141.9243003299444,141.97457709049598,6521.632144457612
2026-04-20 01:00:00,142.10588068537646,142.1829736191211,141.74292370646916,142.01557486870277,5169.309439550524
2026-04-20 02:00:00,142.26596241931182,142.48325169044992,141.97484445975678,142.2442150710104,1810.66476652202
2026-04-20 03:00:00,143.06291147057476,143.1567357093863,142.61367679456808,142.97212623208378,9969.052775624712
2026-04-20 04:00:00,143.29293512296638,143.49234099605246,143.20338121167765,143.32437950199613,5963.775876390546
2026-04-20 05:00:00,143.85145786765602,143.74096795263318,143.44962632465382,143.7189078456839,7304.297227211277
2026-04-20 06:00:00,143.7441726012204,143.86682437673358,143.58919183248506,143.76082115964857,4660.681484721803
2026-04-20 07:00:00,144.3689317453365,144.71371583633038,144.14700323373097,144.46605073225032,5929.441373613123
2026-04-20 08:00:00,144.88866416833432,145.04252289334335,144.36873585256228,144.67093213023009,9483.199587035984
2026-04-20 09:00:00,144.05789040044718,144.43063563676873,144.01926723522084,144.2403881751433,2497.774941384425
2026-04-20 10:00:00,144.8681992876754,145.17485426756332,144.7760261758725,144.9420731602059,3631.3532589722913
2026-04-20 11:00:00,145.2283220112924,145.58627261217072,144.9949315786146,145.29102479647543,2368.537550002291
2026-04-20 12:00:00,145.32033341321682,145.18841339229115,144.80481233358552,145.06950278591117,8129.9431342429725
2026-04-20 13:00:00,145.01044219062618,145.06643770654009,144.69820034242017,144.82975630221154,1558.407343796466
2026-04-20 14:00:00,145.12743688914617,145.1039950641487,144.91082394212987,144.97804407478193,1734.6848486620447
2026-04-20 15:00:00,145.1765706061781,145.49611891626483,145.0384897624839,145.20963647241572,3686.4470150863185
2026-04-20 16:00:00,145.5509004056155,145.52342291002648,144.9567412236965,145.3082826052313,5627.693628289101
2026-04-20 17:00:00,145.50077214233687,145.6937821233509,145.14928822607945,145.46393694195277,4656.473205036279
2026-04-20 18:00:00,146.41164196627128,146.4356557694991,146.225148376208,146.31391562924097,1403.3467960372654
2026-04-20 19:00:00,146.86765674346904,147.12039044131947,146.7664629469484,146.8496872053584,9617.424020838564
2026-04-20 20:00:00,146.94005834385857,147.353476293114,146.61753661602296,146.9450050009909,9575.825683222753
2026-04-20 21:00:00,147.390482423982,147.51486912183182,147.32922388185042,147.41566029137465,3514.206909166839
2026-04-20 22:00:00,146.87843434026897,147.06542243884613,146.64846880724667,146.89939833961088,7583.730537417234
2026-04-20 23:00:00,147.1592110294521,147.3215226120011,146.95996898611793,147.0983618645843,6207.178702449014
2026-04-21 00:00:00,148.0397350193284,148.28165566065042,147.64131054699868,148.00301503945084,3137.2902550506165
2026-04-21 01:00:00,147.8908449547343,148.03803746322572,147.77103457166845,147.89399209175465,3359.543965674539
2026-04-21 02:00:00,147.621127526715,147.55347815645936,147.1558389744245,147.4701751274451,5420.378568794054
2026-04-21 03:00:00,146.8474553762745,147.48004963256497,146.92564481774255,147.14413068314857,4773.132473476241
2026-04-21 04:00:00,146.6503028892695,146.87536477643582,146.37409467905397,146.5993141644774,3621.063954081378
2026-04-21 05:00:00,146.27870708107943,146.23263845736486,146.20396406854866,146.20693321041352,8267.60436674634
2026-04-21 06:00:00,146.13637544794403,146.16092228194057,146.00138782579796,146.02167916111853,5333.166258736464
2026-04-21 07:00:00,145.31240850742387,145.67571389448193,145.14095224555592,145.3188956515292,6893.632561502151
2026-04-21 08:00:00,145.3474968252424,145.67148446034977,145.10201421216235,145.326704818504,2703.4615015108793
2026-04-21 09:00:00,145.87643824372878,146.0717074076652,145.6903631881711,145.7778434053973,5801.568962648381
2026-04-21 10:00:00,145.47308195575187,145.50635407192786,145.2328346563715,145.32396531532385,3861.7844450195935
2026-04-21 11:00:00,146.05355367862686,146.291906019026,145.8274600141621,146.08360727714472,5737.722493553904
2026-04-21 12:00:00,146.3657008997213,146.52591074089594,146.08271787336284,146.33900332140854,8027.432500698354
2026-04-21 13:00:00,147.02215101065542,147.16711759254744,146.66806772025936,146.85429361422055,7920.218890821355
2026-04-21 14:00:00,146.3129736297066,146.63779209664497,146.2473561651759,146.5253763372945,4187.986102308483
2026-04-21 15:00:00,146.88363769084634,147.0720589853394,146.8700591803998,146.9526389508278,7248.494053716752
2026-04-21 16:00:00,146.5532555984904,146.70769945931372,146.24226549233882,146.40667200063012,9471.609553548493
2026-04-21 17:00:00,146.96104953440923,147.04735960549723,146.48700799047003,146.8517957510484,6631.023969324157
2026-04-21 18:00:00,146.9899599420378,147.27556215649054,146.73088320795117,146.93771542094515,2335.6911104437345
2026-04-21 19:00:00,147.16948134362664,147.3471898102395,147.00170977947886,147.21434103093756,7117.377663511857
2026-04-21 20:00:00,146.53836187822657,146.82106589209124,146.19594906952835,146.6265437281251,1944.139477143802
2026-04-21 21:00:00,146.11988724506259,146.2867675085024,146.1189430235717,146.17900880698681,8848.993679137244
2026-04-21 22:00:00,146.6324237381954,146.67835918425587,146.19797987944932,146.47762291611352,5649.944462217462
2026-04-21 23:00:00,145.94060464508587,146.05559422030154,145.6370502860206,146.0034489140014,4466.266626804216
2026-04-22 00:00:00,146.24519435647494,146.38628871795547,146.06753785270084,146.23505206005098,1513.0593518472315
2026-04-22 01:00:00,145.4761123923347,145.60785777032805,145.26552007813538,145.55148315682086,4427.053611328987
2026-04-22 02:00:00,146.0598476661641,146.24496258647332,145.87377221287528,145.9755702631542,9128.860011242105
2026-04-22 03:00:00,145.3054359777353,145.6309675397459,145.22798184532667,145.35930860576994,1188.8469665767286
2026-04-22 04:00:00,145.62569918559424,145.66243230156124,145.39696193300492,145.6354585746097,5271.833420036244
2026-04-22 05:00:00,145.7799358281284,146.28166261598275,145.66841737412162,145.94827404143268,9380.422819995601
2026-04-22 06:00:00,145.4385513085974,146.0496296448599,145.28779448097728,145.5998881322179,4553.56899788519
2026-04-22 07:00:00,145.8916687350924,146.0955020544339,145.5339385570663,145.89090141576025,4853.581187159353
2026-04-22 08:00:00,145.88860683190725,146.15701112140457,145.82786720328255,146.02112254742704,6207.0404967920795
2026-04-22 09:00:00,145.9622102832641,146.234134678431,145.43234044381342,145.75170161933067,5166.436002194651
2026-04-22 10:00:00,145.04127196608135,145.3155274274623,145.08165476163748,145.24742427729257,2517.415221137972
2026-04-22 11:00:00,144.18609390158989,144.4681220781432,143.97590230029746,144.2661114314563,1166.9998516287437
2026-04-22 12:00:00,144.4426065418329,144.65889868236934,144.22018757532092,144.44093645510614,6488.304921808314
2026-04-22 13:00:00,143.62202177564552,143.99304983147036,143.4139672787169,143.6585350694251,9287.259283070309
2026-04-22 14:00:00,143.59579262347935,143.94218106665843,143.46385638174354,143.70620716914576,1957.2771972444907
2026-04-22 15:00:00,143.47869027715512,143.7246196715258,143.53495356208444,143.57448306110464,2898.5744732747803
2026-04-22 16:00:00,143.8149890410738,144.01893601178492,143.8264666347098,143.91405444882372,4332.065372424761
2026-04-22 17:00:00,143.7343595295968,143.92884951705418,143.55277755509704,143.7630316990788,8278.680061190078
2026-04-22 18:00:00,143.793500714857,143.69761506981072,143.56703571386936,143.59830780590525,3423.3428482387985
2026-04-22 19:00:00,143.97203688770523,144.1690256900279,143.68112204772945,143.9642431580494,8938.489638508916
2026-04-22 20:00:00,144.25006222153021,144.27535255460543,143.84461657596265,144.13177217259147,1494.6208718505977
2026-04-22 21:00:00,144.34054778576566,144.3404463718539,144.05713309589507,144.28985015118286,9468.609591330414
2026-04-22 22:00:00,144.63587018588535,144.84999852492462,144.43659734736292,144.52448394608712,6046.723700863884
2026-04-22 23:00:00,143.4767014542242,143.90693063214067,143.41868399059672,143.75669788448357,6928.99910638934
2026-04-23 00:00:00,144.10464642236224,144.20827854397953,143.73137116050523,144.13509222447706,4309.205702827178
2026-04-23 01:00:00,144.57204016379893,144.6245007080351,144.22661893873925,144.44132662148385,8037.948569599543
2026-04-23 02:00:00,143.87581147492065,144.13982221379237,143.68193151935048,143.9329850571956,2499.0962507596546
2026-04-23 03:00:00,143.98719213684547,143.83629814780062,143.5907709548789,143.81094482035851,1440.2064275063833
2026-04-23 04:00:00,143.93968019192147,144.02445594325727,143.5382542576448,143.7912911765447,4559.652487968015
2026-04-23 05:00:00,143.67712971273107,143.8193270274748,143.53599866000647,143.72404278434382,8683.261425829356
2026-04-23 06:00:00,143.84065641572346,144.26207564854715,143.69442919161247,143.89097276762809,7794.341529739252
2026-04-23 07:00:00,144.50529557430824,144.85905220975135,144.31608439849393,144.60665615854367,5654.403734400622
2026-04-23 08:00:00,145.08458009919372,145.30754952336918,144.71297710619046,145.1475395223801,6149.239724488181
2026-04-23 09:00:00,144.3681710192475,144.61691314863265,144.43143704910457,144.4914299256644,2169.0354366887987
2026-04-23 10:00:00,144.84534603886073,144.99196815006104,144.61284616925772,144.8024649208174,8566.13357755824
2026-04-23 11:00:00,145.3213269312505,145.72821065474346,145.38497762910833,145.46693158058514,8082.637146677773
2026-04-23 12:00:00,145.72070914254874,145.8577864280712,145.3011333510721,145.66033584092972,6908.233544982484
2026-04-23 13:00:00,146.26863392321275,146.38411017280902,146.0645998504547,146.2058260535227,5195.719326960446
2026-04-23 14:00:00,147.04584083585468,147.41779830545485,147.15628135575164,147.21196127637307,9680.133414515612
2026-04-23 15:00:00,147.8787979100594,147.86343015630288,147.4599973495417,147.72381604942657,8911.28774688824
2026-04-23 16:00:00,147.89983127668896,148.01414975456314,147.47403923577312,147.84847034724743,6799.874441631567
2026-04-23 17:00:00,148.4459843864343,148.3795938281803,148.10465479743374,148.3710145842898,4346.208979455591
2026-04-23 18:00:00,148.36759198068398,148.7408311239235,148.22297871311008,148.44345850083826,6562.200508133611
2026-04-23 19:00:00,148.51764793432807,148.68528980051292,148.21449593020316,148.45541002248075,6178.968338775988
2026-04-23 20:00:00,148.39234224959608,148.40235732022055,147.93821883834133,148.2797029046239,4548.177890514247
2026-04-23 21:00:00,149.05154874413947,149.45128308217545,148.94882951104134,149.06140958403992,3760.065745192685
2026-04-23 22:00:00,148.85238749699374,148.86089689910816,148.46337996147756,148.65219525106892,4663.097130135901
2026-04-23 23:00:00,149.4227855768993,149.51476475621047,149.26364812825892,149.41837911340798,6165.20265430058
2026-04-24 00:00:00,149.78238975532344,149.95398491742523,149.58509770600736,149.66831117527818,4853.21360239985
2026-04-24 01:00:00,148.99795896860306,149.20846290952812,148.80149561381887,148.9686580878772,3372.1703938124547
2026-04-24 02:00:00,149.2110348876586,149.39194073292134,148.84171062477466,149.1524827343729,7848.6698598472785
2026-04-24 03:00:00,147.93533625378362,148.25989392008194,147.8458092657078,148.1024694805471,5783.207463616716
2026-04-24 04:00:00,148.45232886278416,148.66027306134043,148.1507924389518,148.41522348896262,1609.0764690303997
2026-04-24 05:00:00,148.78434172033138,149.031663401435,148.64319166929178,148.8578392304571,4314.84855063513
2026-04-24 06:00:00,148.4770214220533,148.81725539779566,148.30932887435821,148.56166125263107,8964.221114907941
2026-04-24 07:00:00,148.79784541905548,148.63294065520782,148.5034941348437,148.62343510060887,7797.128780799568
2026-04-24 08:00:00,149.57913679267776,149.75712647118607,149.43146480607672,149.600513817484,3909.221055496064
2026-04-24 09:00:00,149.24731028225548,149.71985597513387,149.12844004165618,149.34764046535304,9443.648368400582
2026-04-24 10:00:00,148.78227350901386,148.94147992628473,148.59043508593655,148.81818667182475,1689.4261752238913
2026-04-24 11:00:00,149.42897335016383,149.69863454330672,149.32699958756385,149.55901837305603,9651.1123350297
2026-04-24 12:00:00,150.68370041514106,150.69551583447645,150.35414549652307,150.54031196832145,3211.3458323620807
2026-04-24 13:00:00,150.4725917298287,150.6206791906565,150.3799021443584,150.54215980424536,1081.8476227217734
2026-04-24 14:00:00,151.10082131534392,151.0687193995724,150.53211419364513,151.04789132194955,4904.272328664941
2026-04-24 15:00:00,151.854239951136,151.89557063986263,151.42795055242175,151.71862927971497,4230.733867183078
2026-04-24 16:00:00,151.2973718953243,151.56097310585395,151.10607241585052,151.34738716344577,5851.801046861145
2026-04-24 17:00:00,151.15793648898912,151.29948373890798,150.9280550955825,151.10473424576185,8170.955745128609
2026-04-24 18:00:00,151.61716289684878,151.9056836461444,151.5652933850336,151.7201715023392,8581.877219354024
2026-04-24 19:00:00,152.80725559860485,152.76698272877852,152.3757587010662,152.56267864169348,4611.069996505226
2026-04-24 20:00:00,152.9377570852423,153.14640321893572,152.614836187422,152.84411907178065,4868.611693357152
2026-04-24 21:00:00,152.38495125115352,152.5851672764367,152.39225544943594,152.40421189502962,2333.599572965263
2026-04-24 22:00:00,153.32045907779045,153.54033419317062,153.35468141041682,153.39774245087935,1427.9284799304714
2026-04-24 23:00:00,153.1208573466894,153.30414445348455,152.99594524086726,153.13225700197336,6770.934912115223
2026-04-25 00:00:00,152.93068973915248,153.22262278736332,152.74397416770978,152.96468811138763,1579.9386299742305
2026-04-25 01:00:00,153.3311514840324,153.47705971648676,152.95978434334762,153.13585702863244,7604.471074793103
2026-04-25 02:00:00,153.79038376676837,154.05012286507295,153.5651251163799,153.91293723898985,5851.811305200227
2026-04-25 03:00:00,154.35340536959498,154.54981860596885,154.28816490596552,154.33992522726595,2787.2468040347508
2026-04-25 04:00:00,154.54552417078352,154.78119372164048,154.42249252440723,154.5473579774469,5855.706491613847
2026-04-25 05:00:00,154.76726121247145,154.87974444183308,154.42699306840683,154.77900224250595,2646.9794494188895
2026-04-25 06:00:00,154.78989791133387,155.00280129354897,154.58764764436017,154.8007595768277,4948.634867593708
2026-04-25 07:00:00,155.0682222530749,155.13326194835275,154.79134507580684,155.07982933408695,8196.04284618006
2026-04-25 08:00:00,153.902355901873,153.83814426486586,153.40992460091283,153.8150492952398,5157.2736406957365
2026-04-25 09:00:00,153.72764401035414,153.90342020649413,153.53612600749508,153.6667455657049,2338.293864677934
2026-04-25 10:00:00,153.82929769430055,153.9490190590302,153.5973379669425,153.78740653316328,7514.458136406506
2026-04-25 11:00:00,152.908500555139,153.43212753211566,153.03914218144664,153.21189949135353,2680.9157464300797
2026-04-25 12:00:00,153.43504063767563,153.60327165255848,153.40052045070763,153.40506115025931,7646.948869330985
2026-04-25 13:00:00,153.13726160374924,153.40518553489986,153.13386522014184,153.30282553976625,5314.1706029424995
2026-04-25 14:00:00,154.24519540523758,154.37603795872755,153.8924571701859,154.18056338892399,5083.675831848715
2026-04-25 15:00:00,155.11452298828846,155.04376312102994,154.71301429735018,154.96707325153142,8662.915340717273
2026-04-25 16:00:00,154.6415465557135,155.0732677027725,154.47226215003354,154.73417046697236,7377.431719066019
2026-04-25 17:00:00,154.63257353895474,154.72315457670302,154.49630250925296,154.65875161118902,1296.1971725944534
2026-04-25 18:00:00,154.5618422578795,154.80219930128794,154.48738755198536,154.6217778283848,3665.5688314144213
2026-04-25 19:00:00,154.51949126788068,154.49172093150028,154.06902252311514,154.395948090305,8838.285947649087
2026-04-25 20:00:00,154.5029633708463,154.75050269965516,154.34319229695484,154.49346058231907,1164.9355169067878
2026-04-25 21:00:00,154.2871524859319,154.2811764107471,153.88491134399592,154.11431954787525,5907.281016357733
2026-04-25 22:00:00,153.59038730070125,153.6971452084444,153.33267841233877,153.5490118804065,7550.4310225654945
2026-04-25 23:00:00,153.88461251042023,154.14568764686177,153.51419579073092,153.86036749235663,6596.704769361182
2026-04-26 00:00:00,154.18195296272782,154.3780753436353,153.8779910487003,154.17513228446754,7844.7898189399275
2026-04-26 01:00:00,153.85477361456327,154.02463884923114,153.70250026670428,153.77297440463755,7531.226640232712
2026-04-26 02:00:00,154.04688350019433,154.3225195263671,154.13940743669636,154.22065212001885,7228.27625637802
2026-04-26 03:00:00,153.91339765098823,153.9643815610434,153.64697227362925,153.90486325543617,8393.85874833087
2026-04-26 04:00:00,154.0244412300824,154.2421666706592,153.8378796391931,154.0314458744552,6811.216016045845
2026-04-26 05:00:00,154.51415976347715,154.6097332452119,154.28713505915675,154.44161788076138,4621.766448312838
2026-04-26 06:00:00,154.40604143782215,154.68745506565494,154.1232488100101,154.42481159840955,5247.181989231288
2026-04-26 07:00:00,154.54830861106385,154.84419120921385,154.43343611627122,154.6521820544801,7450.523044133055
2026-04-26 08:00:00,154.39470230002829,154.61447476645978,154.18872149384737,154.3939672325363,8886.754267001146
2026-04-26 09:00:00,154.18744988793546,154.33339568782816,154.01775107674678,154.2957339408223,3449.969207557981
2026-04-26 10:00:00,154.00027800412334,154.58164791934354,154.03031512487647,154.1928042253821,4078.691163739637
2026-04-26 11:00:00,153.89222730026054,154.0030908536088,153.46266315356473,153.819515052112,9376.654567261714
2026-04-26 12:00:00,153.78903412782356,154.00088666758802,153.6099327328774,153.7311279705541,6206.606131685008
2026-04-26 13:00:00,153.00352791552157,153.07320965410025,152.69112591448803,152.95681882112223,2610.6563542150093
2026-04-26 14:00:00,152.84153478974577,152.9420429377729,152.36785866368518,152.71124194755117,6973.256250211444
2026-04-26 15:00:00,152.50230101183595,152.63851972451386,152.50653374979356,152.56880420086634,9916.859399854417
2026-04-26 16:00:00,152.29760291034154,152.68592110844463,152.2750478422039,152.44071432461865,8411.0820802336
2026-04-26 17:00:00,152.31296262400247,152.48436819324468,152.00574486239472,152.31996560168326,7711.670228962625
2026-04-26 18:00:00,152.25433347178262,152.49200255214674,151.9733590469801,152.2890835017532,2872.419888396423
2026-04-26 19:00:00,152.4445746891192,152.79860166380922,152.34595382083504,152.52880426079622,8885.258062156065
2026-04-26 20:00:00,152.95807788251372,153.04280876674045,152.83952990723017,152.9660627978625,5732.099591819918
2026-04-26 21:00:00,152.5800196698179,152.77273101137706,152.3455866022053,152.64118018443835,9003.6101986476
2026-04-26 22:00:00,151.85597922840807,152.28531218485244,151.7212248464856,152.03957975674376,3968.450464823914
2026-04-26 23:00:00,151.47443988154285,151.9283796980769,151.43502388547347,151.51855755062223,1558.4594737188947
2026-04-27 00:00:00,151.16131857335438,151.46114785655863,151.1953474549214,151.27495609002477,5283.783717937715
2026-04-27 01:00:00,151.12216023827762,151.35810904290892,150.87646976291816,151.09899543111652,3428.538443360899
2026-04-27 02:00:00,150.64839392219372,150.90330025103194,150.4510613346749,150.7139973980178,7437.063607986684
2026-04-27 03:00:00,150.17710221330697,150.46016362536847,149.89584597441586,150.06593906589285,9613.958975704292
2026-04-27 04:00:00,149.9982652588825,149.8631564854592,149.56994927015748,149.83787865215572,7218.767360364075
2026-04-27 05:00:00,149.9965300995139,150.13805406667964,149.79960562289645,149.92859196221272,8982.405367382831
2026-04-27 06:00:00,150.07100407693218,150.26355229177432,150.21463733522313,150.2261066951305,5077.216122410858
2026-04-27 07:00:00,150.09791476846425,149.99805232563003,149.7897852758096,149.94739516857635,7944.766634757715
2026-04-27 08:00:00,149.898468302542,149.97064246281641,149.5345730428533,149.74089625750463,8587.39093004533
2026-04-27 09:00:00,149.27942615421176,149.4914968826957,149.1051310990706,149.27754710308096,7397.880648251881
2026-04-27 10:00:00,149.39412013392715,149.43334382411936,149.17768784425954,149.26182751789358,5569.995574626082
2026-04-27 11:00:00,148.7824456869935,149.02699379179418,148.81917809838603,148.83761320079816,6632.7949865383125
2026-04-27 12:00:00,148.9375525139338,149.6340070508259,148.97558598785557,149.12417710741877,7304.562961109923
2026-04-27 13:00:00,148.15521541758957,148.40542634764859,147.94147828428675,148.23124386145173,3277.759628992842
2026-04-27 14:00:00,148.22435911182998,148.3024414613505,147.72580928128414,148.0514290252255,8286.213348234864
2026-04-27 15:00:00,148.05287470246023,148.33704621285997,147.88321135640751,148.20198269482137,9552.920850705459
2026-04-27 16:00:00,148.29385208117574,148.52342321048667,148.17549090649746,148.2938999529826,5187.153836619424
2026-04-27 17:00:00,149.64383117430688,149.81659341746732,149.55578741733592,149.64041678497287,7309.604647988896
2026-04-27 18:00:00,149.76401937286005,149.97426494898386,149.56565333575884,149.81531679725683,7633.2331521131855
2026-04-27 19:00:00,149.2689373388521,149.69517935205585,149.049779497676,149.31328949883581,6960.227927693322
2026-04-27 20:00:00,149.2727822887149,149.58327587160971,149.02554041477123,149.26555737529128,5924.03597495772
2026-04-27 21:00:00,148.32121797436457,148.59110887329797,148.37602788113426,148.37743420855804,8934.831591173295
2026-04-27 22:00:00,148.19492848419287,148.36755552750407,148.223822792398,148.33713433390966,5040.34038342005
2026-04-27 23:00:00,147.94210949970366,148.08450538308406,147.72357518443792,147.9206063054093,1549.926608379432
2026-04-28 00:00:00,148.48563810143386,148.84860419962988,148.12957962372633,148.37830144318937,8601.007381409443
2026-04-28 01:00:00,148.19048855775694,148.28046513922763,147.82680056963136,148.1035313058916,7065.831450848957
2026-04-28 02:00:00,147.96417480125498,148.35547010519934,147.83072299576577,148.04514834799397,8643.32763849682
2026-04-28 03:00:00,147.60224663575403,148.07156366748706,147.49429104663795,147.7273694272918,2246.9269820022487
2026-04-28 04:00:00,148.56837631500298,148.81869149480406,148.38830855738235,148.59679510321845,1276.776464587447
2026-04-28 05:00:00,148.59295287113906,148.5519915569727,148.16761178273765,148.4361737201595,9409.370863442513
2026-04-28 06:00:00,149.41701204979506,149.3959834750774,149.12116567675,149.3524522418991,2329.5547526551686
2026-04-28 07:00:00,149.82992459063763,150.0279444438191,149.55295435695348,149.75952812295822,8286.870988634066
2026-04-28 08:00:00,150.08954718180445,150.11908588634356,149.82739836653965,150.0005614866259,8408.889479625723
2026-04-28 09:00:00,150.22700471653653,150.40254310547346,149.97679891778043,150.18492806028468,7378.346804941027
2026-04-28 10:00:00,150.39388756415417,150.45684467543387,150.13336757150887,150.3818267093928,2181.3598998358384
2026-04-28 11:00:00,149.4842211093848,149.59146666567298,149.1912428808302,149.41799041972,7006.587621047268
2026-04-28 12:00:00,149.22393211222283,149.48192062813473,149.0404660808101,149.27854872264462,9001.77924994179
2026-04-28 13:00:00,149.55968140710016,149.92798706634122,149.36685552210167,149.70112770823678,4829.784803207949
2026-04-28 14:00:00,149.74897880996215,149.76519689776447,149.45016272422507,149.6766791164997,4721.65168940739
2026-04-28 15:00:00,149.09785800367288,149.29377528797409,148.83898404514528,148.97408419309795,4985.7247862147715
2026-04-28 16:00:00,148.8360587738736,149.088192489336,148.65952128920978,148.9478819678092,1740.447016085858
2026-04-28 17:00:00,149.88212687417857,149.83248777989164,149.73655455970385,149.79993472593696,9028.23012126976
2026-04-28 18:00:00,150.59145715504312,150.61247824170795,150.33152192177823,150.4233805837043,8822.645775824592
2026-04-28 19:00:00,150.39215395884557,150.59581610992393,150.15879385254928,150.39237857902128,9981.183896112576
2026-04-28 20:00:00,150.78630299907616,151.0841621608675,150.61646355077167,150.86810321755033,6266.648273485721
2026-04-28 21:00:00,150.697151574719,151.0210629477348,150.60935482971672,150.6848497073663,7760.7247280624715
2026-04-28 22:00:00,149.7778605171329,150.00926903027937,149.67119566205162,149.83291391395295,2824.0471567657423
2026-04-28 23:00:00,149.30900790889254,149.5587189574513,149.23128930311015,149.37068091988817,7007.7593640175255
2026-04-29 00:00:00,150.19544371086943,150.24180686601895,150.00079293643043,150.15212530414226,6847.595638816516
2026-04-29 01:00:00,149.85475581572462,150.2971841135164,149.7207689856003,150.0151287632276,9110.878622574512
2026-04-29 02:00:00,149.7490438812909,150.11186767994792,149.6227862271854,149.89343677354012,8477.134505551667
2026-04-29 03:00:00,149.74544676344007,149.90151490267326,149.54542989338805,149.74351767540267,9446.198163559868
2026-04-29 04:00:00,150.69335511629797,150.70511850084264,150.55018216290068,150.6955859701892,8819.501254314468
2026-04-29 05:00:00,151.5429208855742,151.85300664737574,151.44353039489224,151.50856542787022,8818.245054089668
2026-04-29 06:00:00,152.8054780834426,152.69518754814868,152.2759370507161,152.61795554459428,1573.5099401984644
2026-04-29 07:00:00,152.54888434300184,152.6793051384573,152.27922154936576,152.53843293939426,8613.657574263603
2026-04-29 08:00:00,152.74606239880129,152.9220796348754,152.55691209417512,152.6862451837678,6467.305550528064
2026-04-29 09:00:00,151.83037061549592,152.00826811619572,151.65596395929492,151.9279239090574,4424.000065893651
2026-04-29 10:00:00,152.7431848884682,152.71704014429125,152.47341348417402,152.66639112211655,1508.631619492561
2026-04-29 11:00:00,152.02986225997148,152.09489610475262,151.91121229696878,152.08250134648256,7099.0639729124205
2026-04-29 12:00:00,152.198031211622,152.46298882365446,151.94736797553495,152.1908891283639,3953.815754838557
2026-04-29 13:00:00,151.63135300204056,151.78771924007484,151.51638768953873,151.64223786454747,5209.9863848743125
2026-04-29 14:00:00,151.45110187466952,151.84053146042547,151.18218010312913,151.34780445117812,7135.555933496209
2026-04-29 15:00:00,150.79817558021574,151.02973772909016,150.7170271292333,150.92917323565325,9205.970923217286
2026-04-29 16:00:00,150.39691174185387,150.7330905029725,150.4751807246039,150.62523560531537,8428.932240444987
2026-04-29 17:00:00,150.33433098403208,150.4991349567123,150.0887657327141,150.35567425374086,5055.374161932398
2026-04-29 18:00:00,150.12839298196886,150.3058533217922,149.69463320591052,150.08153985627834,4490.04841701741
2026-04-29 19:00:00,150.51343374974925,150.65118647828996,150.3736366254292,150.4982068121685,3158.017649596427
2026-04-29 20:00:00,150.06899583937863,150.2070086370375,149.91228794526762,149.94577541563723,4351.840760583714
2026-04-29 21:00:00,150.09978339656212,150.1581872901453,150.05587211239654,150.05604612914416,1999.4174856270847
2026-04-29 22:00:00,150.60864087211095,150.72686653345056,150.48007251944642,150.66502570529693,9739.94957528279
2026-04-29 23:00:00,150.17588550762628,150.42860604909933,150.27474398205285,150.40842752304025,6165.25699563621
2026-04-30 00:00:00,150.0257368542469,150.07182549446014,149.82868202755972,150.04946807766643,2150.252585156916
2026-04-30 01:00:00,150.03700166530209,150.08239886312882,149.7209459978737,149.9342057650763,4175.254083393152
2026-04-30 02:00:00,150.48486359098996,150.69397033801735,150.48439005391808,150.52406836925667,5923.352292585903
2026-04-30 03:00:00,150.6239542111011,150.75797848198502,150.60261056768147,150.62112218473334,5795.970729767827
2026-04-30 04:00:00,150.3976510628602,150.67985561714826,150.12592171339494,150.35551503742954,1319.5303184676911
2026-04-30 05:00:00,150.49592412559858,150.92025638398437,150.38391047955156,150.59745336302356,9557.569308062002
2026-04-30 06:00:00,150.10863087776926,150.2128269893609,149.88888908794203,150.04630728810537,3478.3811332745017
2026-04-30 07:00:00,150.55069922232698,150.40759493200764,150.35270140184005,150.38698704332683,1145.6620203870207
2026-04-30 08:00:00,150.57400936198837,150.7346201863722,150.34415157090123,150.59129069717773,1687.9960805525423
2026-04-30 09:00:00,150.32448001942504,150.57740432221655,150.11019650706587,150.43738646160827,6221.754129231793
2026-04-30 10:00:00,150.01143345968245,150.15238006615684,149.79029531836275,150.01809356238465,2240.0696860758717
2026-04-30 11:00:00,149.35231469038203,149.7049812108531,149.45950049029943,149.57475310124292,1375.5231356815295
2026-04-30 12:00:00,149.87585209581357,149.97681547984342,149.6377065528588,149.8421617694159,4416.638197714402
2026-04-30 13:00:00,150.50187945842526,150.61799785907064,150.39326342875378,150.4566520206604,6604.850731061697
2026-04-30 14:00:00,150.30556177653057,150.27444403726446,149.83220207576215,150.13799814714602,2006.5582435745114
2026-04-30 15:00:00,150.3477920196651,150.58802374978433,150.1590070654688,150.36719149892176,3819.95048936184
2026-04-30 16:00:00,149.36452652343536,149.5597148612112,149.30049368079602,149.3236779896207,4759.84604462088
2026-04-30 17:00:00,148.94524031405354,149.14030461557388,148.8614365603365,149.03136912429213,2435.1408800809045
2026-04-30 18:00:00,148.98019694580415,149.34294619045738,148.76950950683326,149.01583965785667,5554.665086200392
2026-04-30 19:00:00,148.40847940569952,148.6629917191817,148.3943027114633,148.56099794936574,1766.926782115938
2026-04-30 20:00:00,148.07326579984263,148.1309647005894,147.92033433411495,148.09274476197095,1418.666467105618
2026-04-30 21:00:00,147.72832406838467,147.99693279087302,147.68129520444123,147.7588549837365,5678.518304396213
2026-04-30 22:00:00,147.93487132450858,148.02321053445826,147.64829724919153,147.9049513478997,3231.072754757881
2026-04-30 23:00:00,147.74892715066323,148.04341598577224,147.67613375869843,147.8112868386965,1858.3642710822476
2026-05-01 00:00:00,146.7005057571315,146.73253808214406,146.6765266843335,146.692171222034,4815.21328738869
2026-05-01 01:00:00,145.5984831401557,145.9710667398648,145.4689468827835,145.6318211457165,9236.266655656553
2026-05-01 02:00:00,145.29523861795795,145.59561789759195,145.03027358523087,145.3283885567879,7517.732019887395
2026-05-01 03:00:00,145.565268082411,145.6071841948984,145.39592479447467,145.55723184981468,8340.543238123248
2026-05-01 04:00:00,144.1875317226838,144.23560171606744,143.80968092993973,144.18347942845207,8847.225898827728
2026-05-01 05:00:00,144.0097317442814,144.300840930786,143.69071754552138,143.93361434037624,9753.64967256777
2026-05-01 06:00:00,143.65842610870456,143.79675242176774,143.4366145958895,143.67049041211754,7869.219161627557
2026-05-01 07:00:00,144.32967076630948,144.4812408163485,144.17749912781352,144.36465930122176,6475.6712974553175
2026-05-01 08:00:00,144.1540676508566,144.19875360478025,143.97897701614176,144.17214839536533,4288.832922720225
2026-05-01 09:00:00,144.2921764760517,144.52856506717566,144.18998525124775,144.3636428877358,2634.7891290194448
2026-05-01 10:00:00,144.39828034842284,144.61149949629595,144.26449839698776,144.43427145777952,7179.938865849649
2026-05-01 11:00:00,143.57210408918326,143.64053752755288,143.1159015016692,143.36898821787594,9954.549875097477
2026-05-01 12:00:00,143.6618239501222,143.81318398337334,143.64667494917086,143.7530918261918,5206.228161570271
2026-05-01 13:00:00,143.832924445532,143.90876139969586,143.76837946179236,143.86079007891993,7513.114312835269
2026-05-01 14:00:00,144.07617553243028,144.3600206622349,144.02724390384478,144.11492439875724,5455.832049938405
2026-05-01 15:00:00,146.05332609075097,146.3787162590981,145.67347779720768,146.0780432519754,4887.40081027129
2026-05-01 16:00:00,145.00286285133825,145.07887154711432,144.78295249205905,145.0359867822261,4692.750522039236
2026-05-01 17:00:00,145.92625911722877,146.20648651573666,145.66788588693865,145.89833510710667,5541.622146385278
2026-05-01 18:00:00,145.5835938372673,145.95836553155516,145.6603628144358,145.75461134740647,4302.060956788376
2026-05-01 19:00:00,146.00199294686118,146.20745633351544,145.63594156954048,145.89827579960797,7738.95989639627
2026-05-01 20:00:00,145.9387779569216,146.06849764080562,145.6871768116027,145.87551967695737,8868.448239323649
2026-05-01 21:00:00,145.53911435165205,145.71562930200716,145.4419846161452,145.66340151025835,8945.967759806657
2026-05-01 22:00:00,145.15157731884372,145.56328830790736,145.2761470777253,145.37848504613896,3049.2884208324335
2026-05-01 23:00:00,145.44553219931134,145.8492537957926,145.3272125281837,145.54323941392548,9063.182248583416
2026-05-02 00:00:00,144.76038591944692,144.89527796368125,144.62703591941028,144.78465256558962,4073.9610866959456
2026-05-02 01:00:00,145.4179713392196,145.32114565245976,145.03650326505354,145.1599421493505,3783.768989367679
2026-05-02 02:00:00,145.0061706434053,145.1342315965528,144.67843431332716,144.9518449469079,7540.804516584123
2026-05-02 03:00:00,144.20605131246958,144.47676166537457,144.34058105824073,144.38681027738772,3742.267060776605
2026-05-02 04:00:00,144.0928382978997,144.52893860593355,143.9053262219584,144.1618038483898,1476.697650487391
2026-05-02 05:00:00,144.7850572131938,144.90024088883138,144.52192984346578,144.7903784568211,4362.559950792772
2026-05-02 06:00:00,144.54807926874278,144.77328445656025,144.4106752808681,144.52271091331298,7493.1904032251405
2026-05-02 07:00:00,144.57046283638675,144.89326760880297,144.58397056853104,144.7019377224178,3942.6257824315885
2026-05-02 08:00:00,144.32296056176236,144.662221490196,144.1587621526867,144.33645958456006,6666.031503956318
2026-05-02 09:00:00,144.6436565957608,144.95602612176467,144.48721688847564,144.71542050952186,6941.0749983681735
2026-05-02 10:00:00,144.94779852265674,145.23468195176486,144.87345987809837,145.05817437891696,7603.624105537206
2026-05-02 11:00:00,146.00843836023506,146.09312728631323,145.73912254954598,145.98247879556516,9074.174196798427
2026-05-02 12:00:00,145.97208454015984,146.17448189295376,145.5183988575618,145.89469682281555,4893.080493415883
2026-05-02 13:00:00,146.31312835289066,146.24168009479905,146.07979590210948,146.2290242251945,2497.888689962114
2026-05-02 14:00:00,146.3354966300774,146.54264703699158,146.24957599203435,146.278057994964,3870.331438887005
2026-05-02 15:00:00,146.87625693258144,147.01608941074,146.6434015275924,146.92599388589548,4889.505296565873
2026-05-02 16:00:00,146.63803266823749,146.8918060582868,146.19824623449838,146.56657769209113,7425.023223953018
2026-05-02 17:00:00,146.96998579234022,147.15521030279606,146.69980351222466,146.93908034852979,1118.0991300547016
2026-05-02 18:00:00,146.85512588876662,147.10614407725643,146.75050656800678,146.84173170047143,3842.0684509589105
2026-05-02 19:00:00,146.748468299747,147.01783649329965,146.62202684824072,146.8096376119172,8018.583229173852
2026-05-02 20:00:00,146.80582624140723,146.8802761446273,146.76736620256253,146.85551385414138,7037.719329976258
2026-05-02 21:00:00,146.98902274596716,147.09556113601516,146.7173485029584,146.9816340523547,7585.659762270447
2026-05-02 22:00:00,147.16750697749228,147.19075846455488,146.85864857106358,146.92351953079373,8306.296924952752
2026-05-02 23:00:00,147.06100037038814,147.24754170411498,146.86088900106182,147.030876122379,8049.121469901661
2026-05-03 00:00:00,147.75881630093505,148.13803414169064,147.72036893378947,147.81993515116008,7139.648495375002
2026-05-03 01:00:00,148.22942104947074,148.5529874502714,148.0999775254542,148.31265999396769,4956.953791335315
2026-05-03 02:00:00,148.69806062895051,148.85056710114586,148.58387145792992,148.74723729021613,9852.384959903386
2026-05-03 03:00:00,148.7371968719591,148.63986111343215,148.30179131687916,148.5194675272042,6121.658760310664
2026-05-03 04:00:00,148.03492144849545,148.28513885214238,147.87261205759341,148.07484711309004,2824.9228843195524
2026-05-03 05:00:00,148.64318444566996,148.58390179880894,148.45116329498134,148.55249739220892,3635.3156959430594
2026-05-03 06:00:00,148.95292796392667,149.35786497703612,148.72783308212092,148.99052078847382,7242.06210373423
2026-05-03 07:00:00,149.75297458047726,149.97103079998706,149.53173269153362,149.7268561263493,9322.656086795172
2026-05-03 08:00:00,149.50404034076558,149.7475692730696,149.32371871415128,149.4248658133647,2608.481162853078
2026-05-03 09:00:00,149.25290120070352,149.3520310916036,148.88599883006395,149.31009148568452,1741.118461712077
2026-05-03 10:00:00,148.42623823900652,148.81480592045733,148.2427063877501,148.4903494044218,8933.779432378054
2026-05-03 11:00:00,148.46000082083688,148.71726374249414,148.1094399067313,148.29411385139136,9237.50181021551
2026-05-03 12:00:00,148.89085839617067,148.86031127114336,148.45087865401092,148.7923991066811,3487.4141078430953
2026-05-03 13:00:00,148.63821864893606,148.83629159655737,148.17496985612834,148.559151417067,4395.571519341159
2026-05-03 14:00:00,148.95811894397968,149.07950230913613,148.69392625689878,148.8793913146674,6941.691977480726
2026-05-03 15:00:00,148.83009731049958,148.82969637684366,148.549400013025,148.78413976166848,3969.370187582273
2026-05-03 16:00:00,149.1479458570968,149.19545667296447,148.8449685575796,148.94616827577929,8894.428374430476
2026-05-03 17:00:00,148.37671341105914,148.65568290135516,148.18704185594825,148.37232258087144,1968.2083244247644
2026-05-03 18:00:00,148.4726535424085,148.55481465042152,148.2348335610644,148.4149273056884,1341.839988641757
2026-05-03 19:00:00,146.77426802737864,147.23595097226357,146.7008766168759,146.91935932023804,2876.3758606851056
2026-05-03 20:00:00,146.74341517249792,146.8592349004781,146.59263519329332,146.82591124115703,3574.790003844721
2026-05-03 21:00:00,145.89059271931595,146.0611990046545,145.75469177441667,146.01067461929946,2016.3393215998756
2026-05-03 22:00:00,146.74107823592448,146.82733161713173,146.38990761194287,146.61367187757287,1591.2138640658206
2026-05-03 23:00:00,146.74712153875305,147.20491408175235,146.92344981661805,147.00237555395512,7800.469421516184
2026-05-04 00:00:00,147.1954800426629,147.36405369609577,147.12955775551228,147.23571104493817,2478.4890931203163
2026-05-04 01:00:00,147.6968434982518,148.27717360211506,147.85085492046423,147.99621415851786,9225.299791596735
2026-05-04 02:00:00,147.43862710855723,147.774845329527,147.34997995729776,147.52175589810543,4311.996953032864
2026-05-04 03:00:00,148.34634260209003,148.68125140415663,148.09036006801603,148.39543749706323,7035.452287492109
2026-05-04 04:00:00,149.0000203885728,149.04921963565818,148.7778271778787,148.8615332791934,3028.6190329192023
2026-05-04 05:00:00,148.78291842950605,149.00351366238175,148.578997140401,148.74325563558392,3162.9049164268017
2026-05-04 06:00:00,149.22775155684252,149.46650067887242,149.015764759354,149.3110657091754,6172.382825808178
2026-05-04 07:00:00,148.86451532494277,149.16330082197825,148.58790670041924,148.7579189529696,6045.786326313875
2026-05-04 08:00:00,148.34744509765875,148.46440729519358,148.09962030722147,148.34566187220577,7918.563052108732
2026-05-04 09:00:00,148.0451236964566,148.45189675353174,147.8553212148787,148.0413670105859,7820.319751248394
2026-05-04 10:00:00,147.65661100577668,147.98036695126282,147.55119983082142,147.7768781565539,7036.1898819729495
2026-05-04 11:00:00,147.14959796378346,147.3110482462169,147.0714465895547,147.24859933517376,5042.175093041419
2026-05-04 12:00:00,147.7776311387269,148.19694880377028,147.5934343214486,147.86014086872143,9015.763476525553
2026-05-04 13:00:00,147.73535979585193,147.943303807376,147.68521930927716,147.7307136685365,6603.206411991689
2026-05-04 14:00:00,147.91475472541305,148.192078562553,147.74329735355383,147.90696615271497,9911.786414161215
2026-05-04 15:00:00,147.77619973586053,147.94417606136238,147.39213320183867,147.6217904695081,8374.328361409227
2026-05-04 16:00:00,146.74999433602764,146.94528437464837,146.45811929443323,146.71148881923386,1398.788301144936
2026-05-04 17:00:00,146.57576092906237,146.98729341394832,146.49722223615422,146.8465174984296,3885.34516372286
2026-05-04 18:00:00,145.91665420950687,146.18796134848662,145.72949247740627,145.8903900107197,6146.881448238565
2026-05-04 19:00:00,145.7110713520602,146.0561485384224,145.50812481149086,145.85607298767695,7493.2258408433845
2026-05-04 20:00:00,145.07531837579938,145.4405012501214,145.03781785092653,145.17191546826055,5953.028479857473
2026-05-04 21:00:00,146.08433652070332,146.1809265252551,145.8326888267215,146.16555346787595,8075.173802159636
2026-05-04 22:00:00,146.55490099661208,146.86593300066428,146.33948811629347,146.6212348289633,3543.9008748161014
2026-05-04 23:00:00,146.53659678539503,146.81025314208458,146.5654575825623,146.67411172459907,2655.2084610954257
2026-05-05 00:00:00,147.32631326377162,147.67129602714425,147.0752611397012,147.30596506342638,1485.250154107931
2026-05-05 01:00:00,146.74172684618443,147.14511580948243,146.68793065824673,146.88280707469352,6159.823701143699
2026-05-05 02:00:00,147.19021352475355,147.37853253861348,146.89198830466106,147.15454676402857,7197.395686079457
2026-05-05 03:00:00,147.47814908859408,147.50308298022296,147.07677913973126,147.25445198088792,3935.347454074254
2026-05-05 04:00:00,147.25352611566134,147.4866179362671,147.21718664412094,147.38646202155476,6522.25766370289
2026-05-05 05:00:00,147.99418774117422,148.38496444066095,147.68572931333185,148.02263877160814,1469.4150776799631
2026-05-05 06:00:00,148.1365390867468,148.78802186483975,148.19875691244363,148.38888482299805,1893.6401166712328
2026-05-05 07:00:00,148.50315312511356,148.77253800546538,148.2506044219914,148.53324665441056,7315.792950326485
2026-05-05 08:00:00,147.77007465155955,148.06484329315379,147.52833808480082,147.7058029362964,4312.627346955689
2026-05-05 09:00:00,147.29784371179238,147.3688649687894,146.85911346273392,147.22577978865667,7042.006279927051
2026-05-05 10:00:00,147.17216169488725,147.28471396523634,147.0322587847924,147.16442532185883,8485.490082519264
2026-05-05 11:00:00,147.30003785147304,147.41520398387001,147.07252586212186,147.21111150899713,8673.601937285051
2026-05-05 12:00:00,146.90061510025447,146.88950375049697,146.2935579285486,146.6460096466602,2549.5088091800585
2026-05-05 13:00:00,148.02307845319316,148.01244931632507,147.69634262353892,147.8518479844494,5376.570151162118
2026-05-05 14:00:00,148.5577929191352,148.86382183111303,148.24993758145973,148.61004501207617,7605.340512692378
2026-05-05 15:00:00,148.76599377362575,149.14174312047976,148.62192011431293,148.91110417227242,7965.825366402194
2026-05-05 16:00:00,148.90650746125692,149.0472919253852,148.76258757357039,148.9471226029143,8062.083826559898
2026-05-05 17:00:00,148.746319841402,149.0928974197089,148.82234746516545,148.84101811796373,3053.50600942526
2026-05-05 18:00:00,148.41019364273907,148.65141171220478,148.1669907183798,148.3650588879526,2732.81335951396
2026-05-05 19:00:00,148.28567979326908,148.62094607897106,148.1936361418587,148.40379914721203,6310.112214463264
2026-05-05 20:00:00,148.52539317402437,148.84794022760957,148.21595364395296,148.5326754172834,7669.772179643977
2026-05-05 21:00:00,147.99559653499625,147.9900547501929,147.5529504119186,147.9117951295426,3872.2556398077395
2026-05-05 22:00:00,148.06881375088332,148.32567838037824,147.94738205607942,148.07888333816504,1942.346411761794
2026-05-05 23:00:00,147.9066224314779,148.084225743113,147.72113563735385,148.00125381375267,7450.717446190698
